epoch,time,train/box_loss,train/seg_loss,train/cls_loss,train/dfl_loss,metrics/precision(B),metrics/recall(B),metrics/mAP50(B),metrics/mAP50-95(B),metrics/precision(M),metrics/recall(M),metrics/mAP50(M),metrics/mAP50-95(M),val/box_loss,val/seg_loss,val/cls_loss,val/dfl_loss,lr/pg0,lr/pg1,lr/pg2
1,9.28867,1.34299,3.20997,3.11478,1.35448,0.00904,0.97685,0.22628,0.13104,0.00731,0.80444,0.1783,0.10609,0.90863,2.14781,2.76967,1.17544,0.098002,2e-06,2e-06
2,12.622,1.32454,3.19386,3.12207,1.35243,0.00905,0.97685,0.22339,0.129,0.00724,0.79981,0.18352,0.1039,0.9166,2.15314,2.77301,1.18101,0.095005,4.99995e-06,4.99995e-06
3,16.3592,1.33362,2.90737,3.10984,1.3731,0.01021,0.97685,0.28491,0.18781,0.001,0.11207,0.00082,0.00023,0.91649,17.6409,2.65537,1.18481,0.092008,7.99969e-06,7.99969e-06
4,20.0493,1.17535,2.6999,2.7893,1.20994,0.00957,0.9537,0.33066,0.19216,0.00014,0.01501,8e-05,1e-05,1.45722,21.7254,2.90886,1.59068,0.089011,1.0999e-05,1.0999e-05
5,23.6272,1.14851,2.33479,2.38465,1.18278,0.00798,0.83142,0.2026,0.06174,8e-05,0.00926,4e-05,1e-05,2.12005,34.3022,3.59384,2.37926,0.086014,1.39978e-05,1.39978e-05
6,27.2267,1.05015,2.05972,2.18297,1.11779,0.00814,0.6978,0.16741,0.04125,0.00057,0.06593,0.00044,0.00014,2.37949,17.2989,4.26186,2.68154,0.083017,1.69958e-05,1.69958e-05
7,30.8804,1.10236,2.23369,2.11482,1.14177,0.00758,0.64591,0.11759,0.03121,0.0016,0.16363,0.00501,0.00125,2.52597,12.3964,4.10813,2.70353,0.08002,1.9993e-05,1.9993e-05
8,34.4582,1.05949,2.07189,2.00236,1.1163,0.00749,0.57583,0.1177,0.03766,0.00043,0.04853,0.00092,0.00019,2.6299,10.0213,3.94506,2.81128,0.077023,2.2989e-05,2.2989e-05
9,38.054,1.07506,2.01087,1.91375,1.12924,0.00813,0.6357,0.10875,0.03899,0.00011,0.01389,6e-05,1e-05,2.619,9.1684,3.71504,2.78829,0.074026,2.59837e-05,2.59837e-05
10,41.632,1.03887,1.92228,1.78228,1.08477,0.00555,0.58158,0.10602,0.04255,0,0,0,0,2.42146,10.5801,3.61708,2.58924,0.071029,2.89771e-05,2.89771e-05
11,45.2513,1.09478,1.79183,1.7719,1.09889,0.00582,0.60345,0.11954,0.04246,0.00106,0.09435,0.00067,0.00017,2.4156,6.48143,3.268,2.45752,0.068032,3.19687e-05,3.19687e-05
12,48.9276,1.06064,1.91688,1.64197,1.12112,0.00712,0.75223,0.21647,0.0945,0.00177,0.19045,0.00321,0.00064,2.06815,5.64285,2.90519,2.09459,0.065035,3.49586e-05,3.49586e-05
13,52.4488,0.99903,1.76191,1.53077,1.09358,0.22502,0.62803,0.33808,0.17097,0.00283,0.30109,0.00843,0.00174,1.79847,5.89562,2.73039,1.79585,0.0620379,3.79466e-05,3.79466e-05
14,56.4466,1.02923,1.79997,1.50291,1.09383,0.43467,0.41523,0.39689,0.23744,0.00558,0.46775,0.10009,0.02829,1.54676,5.0016,2.55039,1.56957,0.0590409,4.09323e-05,4.09323e-05
15,60.0012,1.02464,1.70282,1.40511,1.1017,0.62243,0.34075,0.45953,0.30184,0.17175,0.20098,0.07439,0.02796,1.37177,5.82337,2.4302,1.41902,0.0560439,4.39158e-05,4.39158e-05
16,63.5984,1.01681,1.68157,1.35776,1.09457,0.58823,0.37337,0.49889,0.34301,0.13373,0.17529,0.0616,0.02017,1.30819,6.26458,2.31237,1.3601,0.0530469,4.68967e-05,4.68967e-05
17,67.1286,0.98838,1.75499,1.31551,1.09767,0.68068,0.30866,0.5561,0.38938,0.55273,0.22589,0.30183,0.12626,1.26306,3.33264,2.20308,1.34004,0.0500499,4.9875e-05,4.9875e-05
18,70.7065,0.94773,1.69376,1.23588,1.07777,0.69963,0.3487,0.59549,0.41794,0.46706,0.21729,0.25154,0.11404,1.18764,3.35028,2.09587,1.31001,0.0470529,5.28505e-05,5.28505e-05
19,74.4086,0.95784,1.68355,1.25563,1.08126,0.68996,0.38388,0.58687,0.39713,0.51075,0.27618,0.27225,0.12501,1.22428,3.07993,2.02616,1.30667,0.0440558,5.58229e-05,5.58229e-05
20,77.9211,0.9916,1.66411,1.20185,1.09548,0.63663,0.40214,0.58378,0.39412,0.58275,0.34485,0.3759,0.18919,1.24756,2.3778,1.99508,1.29758,0.0410588,5.87921e-05,5.87921e-05
21,81.5293,0.9313,1.57538,1.1418,1.06638,0.69626,0.44963,0.61174,0.4269,0.65108,0.40852,0.4479,0.24293,1.18685,2.07173,1.98655,1.27148,0.0380618,6.1758e-05,6.1758e-05
22,85.302,0.92068,1.55563,1.09083,1.07942,0.77481,0.50776,0.67114,0.46991,0.66791,0.44108,0.48134,0.27238,1.11877,2.00403,1.97057,1.21595,0.0350647,6.47203e-05,6.47203e-05
23,88.8895,0.93493,1.61715,1.06346,1.06964,0.78224,0.56032,0.69481,0.4893,0.64521,0.46345,0.4795,0.25589,1.11472,2.09352,1.94551,1.1941,0.0320677,6.76789e-05,6.76789e-05
24,92.4723,0.92236,1.6159,1.08916,1.08294,0.77587,0.63431,0.72634,0.51542,0.60704,0.49409,0.44842,0.21833,1.07885,2.43163,1.83747,1.15061,0.0290706,7.06337e-05,7.06337e-05
25,96.0747,0.91989,1.50069,1.05646,1.07256,0.77519,0.68233,0.75244,0.52819,0.51288,0.43183,0.39843,0.18159,1.06149,2.78735,1.70016,1.13482,0.0260736,7.35843e-05,7.35843e-05
26,99.6958,0.88461,1.3643,1.04099,1.06605,0.7818,0.7528,0.78816,0.5724,0.54843,0.49607,0.42956,0.20138,1.00496,2.6436,1.53369,1.11578,0.0230765,7.65307e-05,7.65307e-05
27,103.384,0.92025,1.45627,0.99341,1.06368,0.7922,0.78747,0.80241,0.58182,0.60041,0.55002,0.47355,0.22297,1.00037,2.31981,1.42064,1.11365,0.0200795,7.94728e-05,7.94728e-05
28,107.092,0.84635,1.43501,0.94567,1.05299,0.78557,0.79916,0.80833,0.59497,0.6038,0.64288,0.52917,0.27628,0.96561,1.95863,1.34129,1.09354,0.0170824,8.24102e-05,8.24102e-05
29,110.661,0.85164,1.39764,0.93048,1.03657,0.79562,0.84036,0.81489,0.6113,0.66997,0.73739,0.61218,0.3489,0.9618,1.75363,1.31126,1.08427,0.0140853,8.53429e-05,8.53429e-05
30,114.399,0.89946,1.51176,0.94393,1.08283,0.78811,0.81149,0.80626,0.6074,0.65765,0.71073,0.61313,0.3788,0.96748,1.72286,1.27162,1.08867,0.0110883,8.82707e-05,8.82707e-05
31,117.996,0.90542,1.39094,0.923,1.06272,0.77373,0.82033,0.79574,0.58531,0.65198,0.70035,0.61863,0.38877,0.97054,1.73936,1.23226,1.09272,0.00809119,9.11934e-05,9.11934e-05
32,121.748,0.84194,1.36125,0.89116,1.04109,0.7748,0.83685,0.8242,0.58519,0.68255,0.74202,0.65407,0.40144,0.96494,1.72504,1.17954,1.0878,0.00509411,9.41108e-05,9.41108e-05
33,125.401,0.92799,1.51763,0.91967,1.08103,0.82611,0.83673,0.83692,0.62478,0.73518,0.76053,0.71518,0.42796,0.89831,1.68829,1.14683,1.06042,0.00209702,9.70228e-05,9.70228e-05
34,129.015,0.80914,1.28535,0.87808,1.0329,0.81127,0.8461,0.83533,0.63976,0.73498,0.78017,0.72325,0.44032,0.87319,1.63316,1.10817,1.05108,9.89398e-05,9.89398e-05,9.89398e-05
35,132.623,0.83404,1.36868,0.85235,1.05072,0.80785,0.85999,0.85021,0.6497,0.73103,0.76982,0.7178,0.43931,0.85005,1.6089,1.06217,1.0393,9.88748e-05,9.88748e-05,9.88748e-05
36,136.271,0.81183,1.29008,0.8681,1.03543,0.78858,0.87719,0.85911,0.6574,0.72347,0.76517,0.70817,0.43874,0.84562,1.56418,1.03174,1.03257,9.88079e-05,9.88079e-05,9.88079e-05
37,139.954,0.79589,1.30081,0.82235,1.01778,0.77854,0.89184,0.83605,0.62969,0.70245,0.7698,0.71214,0.45099,0.88161,1.56426,1.04092,1.04138,9.87391e-05,9.87391e-05,9.87391e-05
38,143.68,0.80024,1.27549,0.83263,1.02935,0.80602,0.85486,0.83831,0.63094,0.75835,0.78939,0.74349,0.47845,0.8837,1.53591,1.03037,1.04275,9.86684e-05,9.86684e-05,9.86684e-05
39,147.368,0.87158,1.37098,0.8469,1.04764,0.83292,0.83701,0.85003,0.63916,0.78714,0.77401,0.75704,0.49219,0.86129,1.48187,1.00895,1.0284,9.85958e-05,9.85958e-05,9.85958e-05
40,150.914,0.80287,1.31844,0.83508,1.02109,0.81797,0.83349,0.85487,0.65011,0.79568,0.79534,0.77723,0.50469,0.85877,1.49176,1.00538,1.03299,9.85213e-05,9.85213e-05,9.85213e-05
41,154.701,0.82553,1.28543,0.82338,1.03257,0.80926,0.85536,0.85083,0.65252,0.76257,0.78842,0.7639,0.49856,0.84834,1.54547,0.99258,1.03508,9.84449e-05,9.84449e-05,9.84449e-05
42,158.296,0.8179,1.30344,0.83253,1.03748,0.77744,0.87397,0.84194,0.65947,0.78853,0.76979,0.76105,0.50036,0.78606,1.57151,0.98357,1.00943,9.83666e-05,9.83666e-05,9.83666e-05
43,161.862,0.78743,1.31704,0.80944,1.02601,0.79996,0.86925,0.84533,0.66461,0.80759,0.78465,0.76103,0.50806,0.77434,1.56021,0.96415,1.00017,9.82864e-05,9.82864e-05,9.82864e-05
44,165.597,0.79239,1.26395,0.81756,1.02534,0.76988,0.89489,0.8476,0.67125,0.8014,0.77137,0.75947,0.51188,0.75812,1.53439,0.96052,0.99884,9.82043e-05,9.82043e-05,9.82043e-05
45,169.215,0.75954,1.21287,0.77985,1.0274,0.79028,0.85204,0.84253,0.65592,0.81212,0.78129,0.76633,0.50183,0.80189,1.56978,0.97012,1.00504,9.81204e-05,9.81204e-05,9.81204e-05
46,173.262,0.7823,1.31362,0.80073,1.03316,0.77843,0.85073,0.84025,0.65218,0.80718,0.75905,0.76492,0.49422,0.83283,1.57726,0.98615,1.0277,9.80345e-05,9.80345e-05,9.80345e-05
47,176.948,0.79904,1.24492,0.76703,1.00021,0.77017,0.86925,0.85118,0.6503,0.7087,0.77821,0.74519,0.4817,0.84856,1.62335,0.99651,1.04427,9.79468e-05,9.79468e-05,9.79468e-05
48,180.46,0.79979,1.32027,0.79659,1.02349,0.75653,0.89703,0.8482,0.64929,0.69803,0.78943,0.74583,0.49137,0.85666,1.6243,0.99419,1.04154,9.78572e-05,9.78572e-05,9.78572e-05
49,183.939,0.76728,1.26702,0.76064,1.02154,0.80799,0.86217,0.84641,0.66086,0.73491,0.78118,0.76204,0.49734,0.84031,1.60567,0.97925,1.03521,9.77658e-05,9.77658e-05,9.77658e-05
50,187.609,0.78644,1.23987,0.77715,1.02087,0.81256,0.86658,0.85872,0.68641,0.75862,0.80226,0.7944,0.50886,0.82398,1.6065,0.93709,1.03335,9.76725e-05,9.76725e-05,9.76725e-05
51,191.242,0.74312,1.19729,0.75447,1.01833,0.81561,0.87553,0.86658,0.68999,0.74947,0.80991,0.78736,0.50795,0.80545,1.62402,0.88572,1.02241,9.75773e-05,9.75773e-05,9.75773e-05
52,194.95,0.77351,1.22214,0.75623,1.02971,0.81793,0.86374,0.85811,0.67881,0.78407,0.80317,0.79168,0.49736,0.80374,1.61924,0.86846,1.0297,9.74803e-05,9.74803e-05,9.74803e-05
53,198.547,0.76966,1.24481,0.776,1.01519,0.79597,0.86683,0.86976,0.69282,0.75868,0.83103,0.80591,0.51387,0.78105,1.55924,0.86341,1.019,9.73814e-05,9.73814e-05,9.73814e-05
54,201.971,0.76114,1.26784,0.74959,0.99435,0.79459,0.88002,0.86692,0.66044,0.74518,0.83776,0.79638,0.49596,0.79137,1.54748,0.86929,1.0106,9.72806e-05,9.72806e-05,9.72806e-05
55,205.515,0.79301,1.28386,0.77574,1.01993,0.8106,0.86215,0.84863,0.65279,0.77394,0.82092,0.79603,0.49149,0.78028,1.50756,0.86665,1.00247,9.7178e-05,9.7178e-05,9.7178e-05
56,209.162,0.73054,1.16277,0.75379,1.01098,0.76326,0.9029,0.84066,0.6627,0.77248,0.81114,0.78286,0.50353,0.76934,1.51387,0.87672,1.00701,9.70736e-05,9.70736e-05,9.70736e-05
57,212.737,0.7455,1.15653,0.72461,1.00013,0.78262,0.86577,0.83834,0.66668,0.76969,0.7931,0.77535,0.5025,0.77048,1.54046,0.88118,1.0145,9.69673e-05,9.69673e-05,9.69673e-05
58,216.497,0.73578,1.15067,0.74126,1.00005,0.80614,0.87107,0.85351,0.67622,0.76105,0.82386,0.77196,0.50466,0.77442,1.53208,0.86445,1.0198,9.68592e-05,9.68592e-05,9.68592e-05
59,220.014,0.78746,1.26124,0.73818,1.0126,0.81738,0.88841,0.86775,0.67622,0.8124,0.82312,0.79364,0.50291,0.78391,1.51265,0.85006,1.0164,9.67493e-05,9.67493e-05,9.67493e-05
60,223.552,0.76396,1.18345,0.74422,1.01437,0.84441,0.88905,0.86963,0.67479,0.82067,0.82731,0.80178,0.50445,0.78519,1.51324,0.84359,1.00856,9.66375e-05,9.66375e-05,9.66375e-05
61,227.222,0.7343,1.10923,0.72456,0.99348,0.84148,0.88554,0.8552,0.66994,0.78552,0.83955,0.78172,0.50214,0.76942,1.55004,0.86169,1.00121,9.65239e-05,9.65239e-05,9.65239e-05
62,230.842,0.72948,1.12902,0.72227,1.0103,0.82435,0.87171,0.83242,0.6514,0.77226,0.81832,0.76284,0.49122,0.77879,1.59305,0.8721,1.0036,9.64085e-05,9.64085e-05,9.64085e-05
63,234.401,0.72965,1.08619,0.7068,0.99162,0.78506,0.92593,0.85037,0.65993,0.77905,0.8427,0.77747,0.50239,0.77986,1.56746,0.84042,1.00026,9.62913e-05,9.62913e-05,9.62913e-05
64,238.008,0.74119,1.17736,0.71441,1.00797,0.81629,0.90917,0.877,0.69393,0.79308,0.87976,0.81531,0.52586,0.75854,1.53329,0.82468,0.98338,9.61723e-05,9.61723e-05,9.61723e-05
65,241.697,0.72489,1.0869,0.68287,0.99223,0.82309,0.8948,0.87327,0.68834,0.79011,0.85201,0.80081,0.53122,0.74994,1.48253,0.84427,0.97995,9.60515e-05,9.60515e-05,9.60515e-05
66,245.381,0.73121,1.2066,0.76272,1.00941,0.82992,0.88475,0.85865,0.67564,0.77536,0.81869,0.75977,0.51312,0.76677,1.44279,0.86081,0.99533,9.59289e-05,9.59289e-05,9.59289e-05
67,249.044,0.72805,1.18829,0.73714,0.99457,0.80423,0.88893,0.83727,0.64935,0.7549,0.82704,0.74989,0.50738,0.79385,1.46447,0.87218,1.00852,9.58044e-05,9.58044e-05,9.58044e-05
68,252.6,0.77506,1.18659,0.75274,1.01703,0.77697,0.90059,0.85362,0.67287,0.73804,0.84654,0.78383,0.52202,0.76128,1.50408,0.86635,0.99199,9.56782e-05,9.56782e-05,9.56782e-05
69,256.414,0.70543,1.1404,0.69149,0.99769,0.7909,0.88805,0.86844,0.69296,0.78448,0.81279,0.82032,0.53294,0.76762,1.5366,0.86864,0.99251,9.55502e-05,9.55502e-05,9.55502e-05
70,259.966,0.69046,1.12723,0.6953,0.99065,0.80337,0.88777,0.88429,0.68494,0.74034,0.82998,0.8188,0.52864,0.79517,1.54241,0.88777,1.01204,9.54205e-05,9.54205e-05,9.54205e-05
71,263.647,0.72829,1.16016,0.70579,0.9908,0.84638,0.85959,0.88352,0.68742,0.82161,0.80845,0.83374,0.52955,0.80624,1.53673,0.88108,1.01086,9.52889e-05,9.52889e-05,9.52889e-05
72,267.12,0.66477,1.05606,0.68358,0.96388,0.83668,0.85888,0.88084,0.692,0.83138,0.80383,0.82333,0.53597,0.78258,1.52799,0.85395,0.99408,9.51556e-05,9.51556e-05,9.51556e-05
73,270.738,0.69088,1.13524,0.67377,0.98834,0.83475,0.86821,0.87504,0.68844,0.79317,0.8297,0.81689,0.53742,0.7657,1.51848,0.84741,0.98153,9.50206e-05,9.50206e-05,9.50206e-05
74,274.385,0.72902,1.09186,0.6766,0.99336,0.79676,0.86075,0.85872,0.67874,0.82341,0.81762,0.82317,0.53504,0.75097,1.51978,0.89142,0.97682,9.48837e-05,9.48837e-05,9.48837e-05
75,278.06,0.70639,1.07227,0.69172,0.97446,0.81734,0.85682,0.8655,0.69004,0.79758,0.82389,0.80773,0.53217,0.72016,1.50474,0.88722,0.97535,9.47452e-05,9.47452e-05,9.47452e-05
76,281.647,0.69377,1.13635,0.68568,1.00609,0.8468,0.8562,0.87414,0.6864,0.80121,0.81049,0.80303,0.5401,0.72727,1.48646,0.85275,0.98223,9.46048e-05,9.46048e-05,9.46048e-05
77,285.277,0.74875,1.23627,0.68412,1.01288,0.81316,0.89815,0.88234,0.69541,0.74234,0.80907,0.78017,0.53489,0.73494,1.50366,0.83196,0.99085,9.44628e-05,9.44628e-05,9.44628e-05
78,288.804,0.73104,1.07066,0.6676,0.99638,0.80729,0.90202,0.87358,0.69121,0.73967,0.77443,0.7582,0.52803,0.71561,1.50786,0.86185,0.99401,9.43189e-05,9.43189e-05,9.43189e-05
79,292.437,0.72531,1.11192,0.68755,1.00404,0.79585,0.89101,0.85337,0.66696,0.73785,0.79676,0.76145,0.51082,0.75338,1.52451,0.89898,1.00099,9.41734e-05,9.41734e-05,9.41734e-05
80,296.077,0.75134,1.1144,0.69186,1.00069,0.80839,0.86127,0.86725,0.68733,0.74761,0.80109,0.78427,0.52601,0.73403,1.49765,0.89819,1.00255,9.40262e-05,9.40262e-05,9.40262e-05
81,299.645,0.69492,1.07633,0.67353,0.99795,0.80482,0.90539,0.88725,0.68738,0.76686,0.83238,0.8096,0.53846,0.79618,1.45024,0.88092,1.00993,9.38772e-05,9.38772e-05,9.38772e-05
82,303.34,0.76705,1.12052,0.70703,1.0207,0.80037,0.90033,0.88704,0.70295,0.76006,0.84589,0.80643,0.54357,0.77497,1.43815,0.85261,1.00937,9.37265e-05,9.37265e-05,9.37265e-05
83,306.886,0.7369,1.08836,0.67992,0.99428,0.80365,0.90834,0.8709,0.70513,0.74714,0.83783,0.79469,0.54484,0.7121,1.44451,0.82426,0.98688,9.35741e-05,9.35741e-05,9.35741e-05
84,310.456,0.72702,1.20759,0.67472,0.99141,0.81567,0.89128,0.86953,0.70414,0.74476,0.82072,0.78012,0.5393,0.72573,1.46761,0.83309,0.99234,9.342e-05,9.342e-05,9.342e-05
85,314.194,0.76113,1.11966,0.70236,1.01258,0.80619,0.85254,0.86621,0.69332,0.75925,0.78861,0.77845,0.52827,0.7343,1.49383,0.84971,1.00136,9.32642e-05,9.32642e-05,9.32642e-05
86,317.728,0.71971,1.10928,0.67689,0.9847,0.80302,0.84163,0.85658,0.6733,0.76738,0.80348,0.80738,0.52815,0.78145,1.51892,0.86341,1.01928,9.31067e-05,9.31067e-05,9.31067e-05
87,321.486,0.75803,1.15967,0.69565,0.98834,0.77241,0.86613,0.85579,0.68694,0.75501,0.83448,0.82263,0.54665,0.74885,1.52016,0.85788,1.00676,9.29476e-05,9.29476e-05,9.29476e-05
88,325.064,0.71848,1.05608,0.65691,1.00416,0.8328,0.85065,0.86866,0.70229,0.79532,0.81931,0.81619,0.54006,0.74072,1.54241,0.8653,1.00576,9.27867e-05,9.27867e-05,9.27867e-05
89,328.64,0.70734,1.10243,0.66839,0.99093,0.8339,0.83573,0.8622,0.69611,0.79939,0.80332,0.79549,0.53025,0.75204,1.53346,0.86594,1.00576,9.26242e-05,9.26242e-05,9.26242e-05
90,332.205,0.70688,1.08326,0.65293,0.97508,0.82945,0.84731,0.86036,0.682,0.81864,0.78145,0.77969,0.50992,0.77369,1.54489,0.88001,1.01558,9.24601e-05,9.24601e-05,9.24601e-05
91,335.805,0.70787,1.02969,0.6538,0.97195,0.8372,0.87749,0.8566,0.67203,0.81684,0.78368,0.7712,0.51322,0.76435,1.54948,0.86557,1.01201,9.22942e-05,9.22942e-05,9.22942e-05
92,339.431,0.73895,1.11873,0.68842,0.99996,0.85772,0.88314,0.86347,0.69387,0.82421,0.8029,0.78946,0.53916,0.7279,1.58705,0.87781,1.00922,9.21268e-05,9.21268e-05,9.21268e-05
93,342.877,0.6904,1.1472,0.6614,0.97724,0.85238,0.87842,0.87426,0.69983,0.78735,0.82296,0.8073,0.54039,0.7198,1.65074,0.91011,1.00087,9.19576e-05,9.19576e-05,9.19576e-05
94,346.541,0.68554,1.05598,0.63811,0.98369,0.84061,0.86528,0.87557,0.6982,0.80097,0.80897,0.80532,0.5288,0.72426,1.73423,0.8806,0.99649,9.17869e-05,9.17869e-05,9.17869e-05
95,350.102,0.65608,1.0738,0.63638,0.97397,0.81413,0.89274,0.86916,0.68787,0.82062,0.82184,0.80349,0.5154,0.7407,1.71832,0.83854,1.00278,9.16145e-05,9.16145e-05,9.16145e-05
96,353.833,0.66953,1.12131,0.61589,0.97905,0.79774,0.9219,0.86313,0.68595,0.80168,0.80109,0.78542,0.52444,0.75071,1.70475,0.83742,1.0073,9.14405e-05,9.14405e-05,9.14405e-05
97,357.88,0.6654,1.0566,0.64408,0.97499,0.79384,0.91824,0.86005,0.6906,0.7978,0.79219,0.76902,0.51867,0.73734,1.70047,0.86528,0.99835,9.12649e-05,9.12649e-05,9.12649e-05
98,361.39,0.69741,1.05058,0.64675,0.9867,0.80848,0.89732,0.86333,0.68805,0.80224,0.78882,0.77781,0.51521,0.73532,1.68976,0.86052,0.99274,9.10876e-05,9.10876e-05,9.10876e-05
99,365.106,0.67449,1.0454,0.66811,0.97512,0.8185,0.8884,0.87495,0.6941,0.77026,0.82759,0.79417,0.52073,0.73536,1.64481,0.83636,0.98489,9.09088e-05,9.09088e-05,9.09088e-05
100,368.766,0.70809,1.04436,0.63423,1.00901,0.83131,0.87665,0.8736,0.69067,0.82067,0.78883,0.78937,0.52251,0.75006,1.62859,0.83322,0.99286,9.07284e-05,9.07284e-05,9.07284e-05
101,372.44,0.70365,1.1734,0.64998,1.00109,0.81221,0.8815,0.87177,0.68033,0.78879,0.82176,0.80592,0.51859,0.77022,1.62874,0.83788,1.00383,9.05463e-05,9.05463e-05,9.05463e-05
102,376.107,0.66986,1.01076,0.64508,0.98709,0.82607,0.87726,0.87806,0.69174,0.8385,0.79724,0.8098,0.5317,0.74752,1.6263,0.81758,0.99364,9.03627e-05,9.03627e-05,9.03627e-05
103,379.586,0.74114,1.22215,0.67044,1.00543,0.85647,0.8761,0.88134,0.70534,0.80481,0.81034,0.79599,0.53254,0.73929,1.63058,0.82057,0.98774,9.01776e-05,9.01776e-05,9.01776e-05
104,383.229,0.69844,1.02252,0.64569,0.99314,0.83216,0.87068,0.88254,0.70714,0.81444,0.81162,0.80285,0.52992,0.74523,1.60959,0.83148,0.9874,8.99908e-05,8.99908e-05,8.99908e-05
105,386.95,0.69958,1.07506,0.63629,0.97844,0.84812,0.83922,0.88662,0.72442,0.81114,0.79304,0.81515,0.54179,0.73075,1.58431,0.81612,0.98086,8.98025e-05,8.98025e-05,8.98025e-05
106,390.373,0.713,1.12169,0.64516,0.99346,0.85455,0.85184,0.88956,0.71916,0.81744,0.82196,0.83117,0.5463,0.74367,1.5857,0.82429,0.98624,8.96127e-05,8.96127e-05,8.96127e-05
107,394.055,0.66094,0.99498,0.63777,0.96718,0.86122,0.87913,0.89401,0.71966,0.83616,0.84897,0.83675,0.55887,0.73357,1.5839,0.79933,0.98075,8.94213e-05,8.94213e-05,8.94213e-05
108,397.954,0.64726,0.96239,0.62652,0.9742,0.85307,0.87863,0.88939,0.70671,0.85474,0.84868,0.84601,0.54712,0.72397,1.59163,0.78302,0.97916,8.92283e-05,8.92283e-05,8.92283e-05
109,401.493,0.68457,0.98362,0.64432,0.97189,0.85638,0.88617,0.89979,0.71524,0.82501,0.85892,0.8463,0.55468,0.71639,1.59287,0.76766,0.97352,8.90339e-05,8.90339e-05,8.90339e-05
110,405.239,0.67271,1.01575,0.63557,0.979,0.85606,0.89943,0.89415,0.71385,0.82062,0.83515,0.82264,0.55409,0.73443,1.57121,0.78663,0.98068,8.88379e-05,8.88379e-05,8.88379e-05
111,408.787,0.6652,1.03501,0.62392,0.97552,0.82259,0.91819,0.88627,0.70388,0.77739,0.86676,0.81406,0.53521,0.75572,1.60753,0.81215,0.99214,8.86404e-05,8.86404e-05,8.86404e-05
112,412.348,0.72623,1.19868,0.66266,0.99743,0.8441,0.89457,0.90102,0.71279,0.7898,0.82423,0.8012,0.53682,0.74485,1.6756,0.79285,0.98834,8.84414e-05,8.84414e-05,8.84414e-05
113,416.065,0.66361,0.97236,0.61767,0.95755,0.87294,0.86974,0.89228,0.71082,0.81805,0.80699,0.8115,0.54127,0.73698,1.68157,0.80085,0.9882,8.82409e-05,8.82409e-05,8.82409e-05
114,419.611,0.66301,1.00266,0.60783,0.97097,0.88778,0.88442,0.88764,0.71108,0.83105,0.83349,0.80966,0.53963,0.72424,1.63936,0.81546,0.98629,8.80389e-05,8.80389e-05,8.80389e-05
115,423.29,0.67255,1.09636,0.62515,0.97598,0.83858,0.91382,0.88604,0.68929,0.77931,0.85374,0.80032,0.53533,0.76411,1.60079,0.82993,0.99853,8.78354e-05,8.78354e-05,8.78354e-05
116,426.853,0.73746,1.09645,0.643,0.98565,0.82375,0.92722,0.88919,0.68647,0.76206,0.86359,0.80074,0.53374,0.78052,1.56288,0.83789,1.00857,8.76305e-05,8.76305e-05,8.76305e-05
117,430.472,0.65125,0.92834,0.60014,0.97681,0.84872,0.87382,0.88558,0.70298,0.79769,0.80726,0.79023,0.52752,0.75337,1.53142,0.85054,1.00424,8.74241e-05,8.74241e-05,8.74241e-05
118,434.022,0.68554,1.06515,0.60621,0.97888,0.83145,0.88934,0.88416,0.70247,0.81121,0.81573,0.81331,0.531,0.76259,1.5305,0.85221,1.00218,8.72162e-05,8.72162e-05,8.72162e-05
119,437.523,0.67829,1.06079,0.63918,0.98457,0.833,0.8983,0.87973,0.69477,0.81006,0.84052,0.81444,0.53259,0.75613,1.55351,0.8379,0.99673,8.70069e-05,8.70069e-05,8.70069e-05
120,441.092,0.65501,1.09086,0.62063,0.96552,0.83309,0.90934,0.87698,0.68516,0.8016,0.85102,0.81852,0.53039,0.76429,1.59359,0.84429,1.00448,8.67961e-05,8.67961e-05,8.67961e-05
121,444.782,0.67343,1.01404,0.6281,0.97908,0.83968,0.91108,0.87959,0.69194,0.80511,0.84163,0.8087,0.52099,0.76102,1.61534,0.84182,1.00753,8.65839e-05,8.65839e-05,8.65839e-05
122,448.44,0.66743,1.12477,0.63124,0.98368,0.82933,0.8975,0.87078,0.69156,0.76534,0.87223,0.7937,0.5183,0.75505,1.60844,0.82281,1.0045,8.63703e-05,8.63703e-05,8.63703e-05
123,451.884,0.68456,1.03627,0.6201,0.9781,0.79945,0.92725,0.87435,0.69405,0.8207,0.80544,0.79443,0.5227,0.75234,1.60052,0.80478,1.00897,8.61553e-05,8.61553e-05,8.61553e-05
124,455.606,0.6434,1.07897,0.62136,0.97292,0.81337,0.90919,0.87894,0.69937,0.77205,0.84119,0.7916,0.51477,0.74538,1.65229,0.79936,1.01077,8.59389e-05,8.59389e-05,8.59389e-05
125,459.259,0.63094,0.99442,0.59078,0.96115,0.81472,0.93056,0.88096,0.70065,0.75768,0.87037,0.80209,0.51833,0.72847,1.65064,0.80943,1.00747,8.5721e-05,8.5721e-05,8.5721e-05
126,462.699,0.66178,1.01419,0.60389,0.96973,0.83124,0.91017,0.88318,0.70623,0.77576,0.85802,0.8103,0.52363,0.74204,1.62911,0.82784,1.01256,8.55018e-05,8.55018e-05,8.55018e-05
127,466.385,0.70019,0.99026,0.60158,0.97884,0.88565,0.85804,0.87744,0.69669,0.82829,0.80683,0.80516,0.51839,0.74144,1.64079,0.8266,1.00936,8.52812e-05,8.52812e-05,8.52812e-05
128,470.01,0.67303,1.0754,0.60797,0.97785,0.82264,0.89209,0.87809,0.69588,0.85059,0.80109,0.82265,0.52819,0.74372,1.65021,0.82565,1.00341,8.50592e-05,8.50592e-05,8.50592e-05
129,473.539,0.66444,0.91366,0.59537,0.96953,0.80144,0.91621,0.88708,0.70483,0.8123,0.82607,0.82893,0.52691,0.74177,1.68182,0.79985,0.99589,8.48358e-05,8.48358e-05,8.48358e-05
130,477.127,0.6253,0.95157,0.59708,0.95864,0.82463,0.88777,0.89006,0.70413,0.79209,0.85536,0.83446,0.53169,0.73317,1.68848,0.78264,0.98694,8.46111e-05,8.46111e-05,8.46111e-05
131,480.738,0.63404,0.92723,0.5867,0.96172,0.83303,0.90629,0.89227,0.71453,0.80119,0.86925,0.83918,0.5381,0.71819,1.65521,0.7731,0.97786,8.43851e-05,8.43851e-05,8.43851e-05
132,484.295,0.64115,0.94984,0.58832,0.96071,0.84879,0.89594,0.88614,0.7178,0.81474,0.86483,0.83622,0.53481,0.70853,1.61908,0.77678,0.97584,8.41577e-05,8.41577e-05,8.41577e-05
133,487.999,0.67485,1.05644,0.60089,0.97627,0.84718,0.88957,0.8793,0.70846,0.83061,0.83217,0.80742,0.52851,0.71278,1.61838,0.78774,0.97729,8.3929e-05,8.3929e-05,8.3929e-05
134,491.51,0.68105,1.00975,0.58993,0.96309,0.82217,0.90608,0.86493,0.69054,0.7814,0.83576,0.77477,0.51893,0.70835,1.61263,0.78763,0.97924,8.36989e-05,8.36989e-05,8.36989e-05
135,495.219,0.63719,0.90564,0.57674,0.95367,0.79858,0.90942,0.85686,0.69034,0.77194,0.81425,0.76218,0.51922,0.69678,1.63644,0.81176,0.97235,8.34676e-05,8.34676e-05,8.34676e-05
136,498.825,0.66234,1.00637,0.59367,0.97102,0.782,0.89798,0.85268,0.68517,0.75056,0.83333,0.76808,0.51891,0.71459,1.65515,0.82217,0.97277,8.32349e-05,8.32349e-05,8.32349e-05
137,502.331,0.66181,0.94676,0.60027,0.99217,0.81066,0.8894,0.87459,0.69848,0.81252,0.82296,0.79871,0.53068,0.71443,1.67269,0.79826,0.97278,8.3001e-05,8.3001e-05,8.3001e-05
138,506.046,0.67552,1.00151,0.60626,0.98693,0.84609,0.87274,0.8753,0.68337,0.81958,0.84969,0.818,0.52035,0.7278,1.72819,0.79445,0.98208,8.27658e-05,8.27658e-05,8.27658e-05
139,509.562,0.62686,0.93102,0.58498,0.94713,0.855,0.89711,0.87921,0.70017,0.78716,0.82759,0.78479,0.51312,0.71526,1.74832,0.78935,0.98243,8.25293e-05,8.25293e-05,8.25293e-05
140,513.015,0.65494,1.05719,0.59449,0.99587,0.83517,0.92018,0.88235,0.71049,0.77936,0.83619,0.78727,0.51614,0.73445,1.74984,0.7893,0.9939,8.22915e-05,8.22915e-05,8.22915e-05
141,516.649,0.70625,1.06477,0.61619,0.99677,0.85755,0.90396,0.87878,0.70638,0.80043,0.8484,0.79754,0.5216,0.73917,1.75119,0.78025,1.00321,8.20525e-05,8.20525e-05,8.20525e-05
142,520.368,0.63317,0.90655,0.56566,0.97527,0.86637,0.91098,0.87048,0.68596,0.81442,0.8589,0.79723,0.50998,0.7422,1.76865,0.78413,1.00609,8.18122e-05,8.18122e-05,8.18122e-05
143,523.998,0.67766,1.04295,0.58165,0.9806,0.84957,0.90278,0.86342,0.68391,0.81568,0.8576,0.79328,0.5063,0.70859,1.77225,0.77976,0.99454,8.15707e-05,8.15707e-05,8.15707e-05
144,527.485,0.63753,0.94767,0.5781,0.95448,0.86753,0.86925,0.86718,0.69534,0.83007,0.82702,0.79402,0.52989,0.69711,1.71318,0.78578,0.97889,8.1328e-05,8.1328e-05,8.1328e-05
145,531.05,0.61462,0.91896,0.568,0.94448,0.85662,0.88026,0.86723,0.69915,0.82504,0.85073,0.79339,0.5335,0.70517,1.61673,0.78486,0.97528,8.10841e-05,8.10841e-05,8.10841e-05
146,534.707,0.63205,0.96451,0.57307,0.96953,0.84795,0.89703,0.87889,0.70035,0.77643,0.82759,0.76514,0.5258,0.72363,1.60008,0.78479,0.98618,8.08389e-05,8.08389e-05,8.08389e-05
147,538.756,0.66207,0.97793,0.57674,0.96301,0.8473,0.88022,0.88633,0.70596,0.78217,0.80996,0.77535,0.53385,0.72143,1.61129,0.7782,0.99033,8.05925e-05,8.05925e-05,8.05925e-05
148,542.313,0.6444,0.89677,0.57456,0.95667,0.83997,0.89909,0.8816,0.71845,0.81157,0.83002,0.80238,0.54248,0.70244,1.63112,0.76315,0.97972,8.0345e-05,8.0345e-05,8.0345e-05
149,546.006,0.63803,0.99595,0.57656,0.97115,0.83106,0.87851,0.87166,0.70485,0.81149,0.84148,0.79468,0.5372,0.69232,1.63923,0.77909,0.9698,8.00963e-05,8.00963e-05,8.00963e-05
150,549.501,0.61006,0.89599,0.53726,0.95257,0.8257,0.86609,0.85888,0.69551,0.80866,0.81931,0.78281,0.52903,0.70735,1.64954,0.80106,0.97422,7.98464e-05,7.98464e-05,7.98464e-05
151,553.163,0.62017,0.94177,0.58053,0.96538,0.82315,0.87628,0.8547,0.6833,0.80768,0.80712,0.78101,0.52176,0.72248,1.66961,0.81907,0.98038,7.95954e-05,7.95954e-05,7.95954e-05
152,556.795,0.62049,0.90375,0.56431,0.972,0.83822,0.86079,0.86118,0.68627,0.76526,0.78831,0.74531,0.50941,0.72325,1.71854,0.80122,0.97682,7.93432e-05,7.93432e-05,7.93432e-05
153,560.371,0.65618,0.98912,0.55844,0.95909,0.84467,0.84392,0.86109,0.69247,0.81392,0.8022,0.78692,0.52038,0.70662,1.73849,0.78592,0.97301,7.90898e-05,7.90898e-05,7.90898e-05
154,563.908,0.6156,0.96724,0.55995,0.96062,0.83318,0.8792,0.86903,0.70575,0.80559,0.80311,0.79467,0.52567,0.69166,1.74641,0.77505,0.9609,7.88354e-05,7.88354e-05,7.88354e-05
155,567.548,0.65452,1.00971,0.57951,0.983,0.83539,0.90629,0.87435,0.70654,0.81073,0.83573,0.80233,0.5364,0.70231,1.75793,0.77748,0.96204,7.85798e-05,7.85798e-05,7.85798e-05
156,571.132,0.64293,0.95427,0.58479,0.96067,0.84175,0.90896,0.87857,0.7037,0.82869,0.84706,0.81221,0.55452,0.71401,1.71167,0.76829,0.96473,7.83231e-05,7.83231e-05,7.83231e-05
157,574.603,0.66369,1.07136,0.56948,0.97959,0.8558,0.91443,0.88576,0.70441,0.82807,0.82503,0.79859,0.55384,0.70775,1.67786,0.76346,0.96873,7.80653e-05,7.80653e-05,7.80653e-05
158,578.305,0.66791,0.93414,0.57437,0.9694,0.86403,0.89611,0.87599,0.70205,0.81085,0.83395,0.79406,0.54334,0.7022,1.66156,0.775,0.96828,7.78065e-05,7.78065e-05,7.78065e-05
159,581.783,0.59459,0.9436,0.55968,0.95466,0.84948,0.88969,0.8724,0.70033,0.80978,0.82086,0.79374,0.53696,0.7069,1.64962,0.7949,0.96976,7.75465e-05,7.75465e-05,7.75465e-05
160,585.56,0.62547,0.90538,0.56293,0.97138,0.83054,0.87452,0.87218,0.69708,0.79504,0.83573,0.79797,0.53155,0.70299,1.65308,0.80047,0.96716,7.72855e-05,7.72855e-05,7.72855e-05
161,589.036,0.61623,0.96624,0.56611,0.96146,0.87604,0.85694,0.8768,0.70566,0.83151,0.8191,0.80902,0.54503,0.70303,1.62534,0.79211,0.96828,7.70234e-05,7.70234e-05,7.70234e-05
162,592.57,0.63486,0.94841,0.55345,0.97443,0.86157,0.89017,0.88355,0.70167,0.83282,0.82535,0.81424,0.54437,0.71523,1.5966,0.77865,0.9726,7.67603e-05,7.67603e-05,7.67603e-05
163,596.188,0.66238,0.95008,0.5681,0.95487,0.85147,0.90414,0.89666,0.71372,0.82434,0.79183,0.80303,0.54516,0.71133,1.59928,0.76086,0.97427,7.64961e-05,7.64961e-05,7.64961e-05
164,599.778,0.60931,0.92805,0.52612,0.96665,0.84491,0.90289,0.89844,0.7178,0.77264,0.84392,0.81041,0.53681,0.72113,1.64938,0.75698,0.97846,7.6231e-05,7.6231e-05,7.6231e-05
165,603.38,0.61151,0.93311,0.55837,0.95648,0.85168,0.88123,0.89237,0.71107,0.76226,0.82677,0.80342,0.53059,0.72353,1.68234,0.75593,0.98239,7.59648e-05,7.59648e-05,7.59648e-05
166,606.98,0.61899,0.93242,0.57586,0.95636,0.85171,0.89017,0.89206,0.71475,0.78674,0.81163,0.80162,0.52973,0.72464,1.68294,0.75833,0.98532,7.56976e-05,7.56976e-05,7.56976e-05
167,610.478,0.63906,0.95111,0.5745,0.97135,0.83652,0.90881,0.88611,0.71159,0.77928,0.86229,0.82086,0.54066,0.71684,1.6522,0.75612,0.97772,7.54293e-05,7.54293e-05,7.54293e-05
168,614.208,0.63101,0.95166,0.53967,0.96086,0.83974,0.92142,0.89658,0.72571,0.81028,0.84718,0.83864,0.55062,0.71518,1.62646,0.7514,0.97449,7.51602e-05,7.51602e-05,7.51602e-05
169,617.764,0.62746,0.91924,0.54428,0.95214,0.83338,0.90313,0.90068,0.72842,0.82775,0.81745,0.83523,0.55313,0.73242,1.63485,0.75383,0.9789,7.489e-05,7.489e-05,7.489e-05
170,621.366,0.58583,0.81577,0.54387,0.95695,0.85798,0.89256,0.90589,0.72392,0.82793,0.83614,0.84013,0.54952,0.75974,1.64429,0.76917,0.98885,7.46189e-05,7.46189e-05,7.46189e-05
171,624.979,0.63118,1.02471,0.55993,0.96726,0.86156,0.89224,0.89537,0.71586,0.81151,0.84461,0.83528,0.5485,0.76132,1.64932,0.79187,0.99329,7.43468e-05,7.43468e-05,7.43468e-05
172,628.55,0.64247,0.93267,0.57376,0.97389,0.87476,0.90561,0.89943,0.72727,0.81498,0.84508,0.82637,0.5526,0.73126,1.63243,0.77264,0.98077,7.40738e-05,7.40738e-05,7.40738e-05
173,632.107,0.599,0.89949,0.55264,0.96447,0.86449,0.90757,0.89652,0.73673,0.80878,0.85201,0.81572,0.54838,0.70487,1.64422,0.74802,0.97326,7.37998e-05,7.37998e-05,7.37998e-05
174,635.69,0.63025,1.01451,0.56029,0.97092,0.86988,0.90868,0.89695,0.73636,0.83286,0.84387,0.83706,0.55584,0.70251,1.63693,0.75284,0.97579,7.3525e-05,7.3525e-05,7.3525e-05
175,639.301,0.63837,0.97454,0.54782,0.98032,0.87903,0.89017,0.89658,0.72534,0.84882,0.85969,0.84679,0.54949,0.71075,1.63916,0.75933,0.97945,7.32492e-05,7.32492e-05,7.32492e-05
176,642.819,0.59146,0.87357,0.5376,0.94996,0.86893,0.88887,0.88951,0.71928,0.83255,0.8485,0.82554,0.54316,0.72065,1.64762,0.76051,0.98034,7.29725e-05,7.29725e-05,7.29725e-05
177,646.449,0.6154,0.87428,0.53337,0.95056,0.84617,0.90721,0.88621,0.72015,0.82358,0.86875,0.83206,0.54164,0.73369,1.67722,0.78042,0.9853,7.2695e-05,7.2695e-05,7.2695e-05
178,650.071,0.61512,0.90222,0.54943,0.95022,0.85367,0.91911,0.88835,0.72069,0.81883,0.87187,0.81912,0.54374,0.72885,1.66813,0.78991,0.9798,7.24165e-05,7.24165e-05,7.24165e-05
179,653.563,0.59889,0.92247,0.52546,0.94827,0.86047,0.9322,0.88366,0.7124,0.81228,0.88274,0.81807,0.54618,0.72288,1.64608,0.78583,0.97845,7.21372e-05,7.21372e-05,7.21372e-05
180,657.244,0.59069,0.93651,0.53644,0.95563,0.84513,0.91906,0.88702,0.72204,0.84438,0.83821,0.81582,0.54092,0.69736,1.62939,0.78582,0.9715,7.18571e-05,7.18571e-05,7.18571e-05
181,660.755,0.65834,0.98658,0.55847,0.9594,0.85375,0.91443,0.88916,0.72259,0.82435,0.82647,0.8037,0.54127,0.69204,1.64738,0.78756,0.97304,7.15761e-05,7.15761e-05,7.15761e-05
182,664.45,0.63607,0.96912,0.55627,0.96066,0.84578,0.91443,0.88653,0.71867,0.77766,0.85888,0.80492,0.53725,0.70389,1.66212,0.78561,0.97628,7.12942e-05,7.12942e-05,7.12942e-05
183,668.004,0.54622,0.85286,0.52649,0.93745,0.84914,0.91443,0.88752,0.72063,0.78209,0.86814,0.8083,0.53677,0.71122,1.66068,0.76385,0.9738,7.10116e-05,7.10116e-05,7.10116e-05
184,671.67,0.60224,1.01051,0.5464,0.95796,0.85306,0.91331,0.88446,0.71176,0.772,0.83698,0.78115,0.53213,0.7279,1.65751,0.76091,0.97928,7.07281e-05,7.07281e-05,7.07281e-05
185,675.27,0.60133,0.90967,0.5267,0.94977,0.84681,0.91472,0.88867,0.71365,0.77355,0.85551,0.79295,0.5326,0.72264,1.65823,0.7527,0.9766,7.04439e-05,7.04439e-05,7.04439e-05
186,678.913,0.57876,0.86089,0.50558,0.94999,0.8477,0.91122,0.88758,0.72104,0.79491,0.86275,0.82073,0.54142,0.70366,1.65559,0.74305,0.96728,7.01588e-05,7.01588e-05,7.01588e-05
187,682.474,0.60487,0.95245,0.52937,0.95777,0.85777,0.90658,0.89148,0.72531,0.81934,0.8506,0.82839,0.55423,0.69216,1.62793,0.74342,0.96421,6.9873e-05,6.9873e-05,6.9873e-05
188,686.177,0.59658,0.86802,0.53467,0.95383,0.84219,0.91476,0.89118,0.72151,0.79506,0.86919,0.83224,0.55818,0.69635,1.60549,0.74314,0.96904,6.95864e-05,6.95864e-05,6.95864e-05
189,689.676,0.59069,0.92111,0.52627,0.95003,0.85138,0.91794,0.8946,0.73396,0.79826,0.86717,0.82993,0.55598,0.6962,1.60634,0.7465,0.97143,6.92991e-05,6.92991e-05,6.92991e-05
190,693.32,0.62379,0.95241,0.53686,0.96317,0.86946,0.90517,0.89283,0.72884,0.81307,0.85425,0.82383,0.55404,0.69133,1.59709,0.73854,0.96704,6.9011e-05,6.9011e-05,6.9011e-05
191,697.054,0.57278,0.8456,0.51467,0.95486,0.87559,0.91396,0.8916,0.72832,0.81396,0.85882,0.82373,0.54103,0.68732,1.58436,0.72979,0.96379,6.87222e-05,6.87222e-05,6.87222e-05
192,700.743,0.63131,1.00638,0.54129,0.96819,0.87717,0.88832,0.891,0.72583,0.82516,0.83222,0.79901,0.54164,0.69224,1.59673,0.73392,0.96411,6.84326e-05,6.84326e-05,6.84326e-05
193,704.174,0.60134,0.89564,0.5149,0.94124,0.88149,0.88777,0.89078,0.72148,0.82093,0.83685,0.80069,0.53464,0.70081,1.62804,0.74635,0.96415,6.81424e-05,6.81424e-05,6.81424e-05
194,707.862,0.59449,0.8938,0.5374,0.96543,0.8604,0.9092,0.88243,0.71558,0.80943,0.85806,0.8066,0.53455,0.69817,1.65612,0.75796,0.96122,6.78514e-05,6.78514e-05,6.78514e-05
195,711.406,0.57177,0.8433,0.51526,0.94908,0.85978,0.91149,0.88165,0.71405,0.82933,0.84607,0.80542,0.53723,0.69342,1.65867,0.76003,0.96129,6.75598e-05,6.75598e-05,6.75598e-05
196,715.042,0.5729,0.90377,0.51549,0.94929,0.82797,0.91092,0.87646,0.70845,0.76623,0.85073,0.77906,0.53034,0.69593,1.68647,0.77253,0.96218,6.72675e-05,6.72675e-05,6.72675e-05
197,718.549,0.59587,0.90163,0.51301,0.9523,0.84313,0.86699,0.87448,0.71147,0.80468,0.81776,0.77642,0.53655,0.6914,1.69458,0.78141,0.96388,6.69746e-05,6.69746e-05,6.69746e-05
198,722.137,0.57737,0.93197,0.51335,0.95137,0.83002,0.8924,0.87952,0.71414,0.81808,0.81258,0.78997,0.53612,0.6907,1.67996,0.78885,0.96732,6.6681e-05,6.6681e-05,6.6681e-05
199,725.745,0.63191,0.97303,0.54903,0.96022,0.82191,0.8924,0.88197,0.71894,0.80283,0.82794,0.81129,0.54901,0.68954,1.67221,0.79499,0.96672,6.63867e-05,6.63867e-05,6.63867e-05
200,729.412,0.62993,0.98645,0.53755,0.96369,0.82028,0.91443,0.89402,0.7203,0.83654,0.8224,0.82307,0.55571,0.70497,1.66361,0.76796,0.97011,6.60918e-05,6.60918e-05,6.60918e-05
201,733.446,0.59164,0.89546,0.52382,0.95037,0.83311,0.90438,0.89478,0.7127,0.82974,0.81477,0.82953,0.55025,0.72361,1.65738,0.75533,0.97512,6.57963e-05,6.57963e-05,6.57963e-05
202,737.115,0.61716,0.95809,0.54496,0.96858,0.80458,0.93044,0.89178,0.70286,0.82484,0.81218,0.82449,0.54733,0.73736,1.6809,0.75933,0.97807,6.55002e-05,6.55002e-05,6.55002e-05
203,740.692,0.59987,0.92291,0.52742,0.95982,0.83929,0.89017,0.88985,0.70682,0.81604,0.82886,0.82952,0.5482,0.73023,1.67048,0.76909,0.97506,6.52036e-05,6.52036e-05,6.52036e-05
204,744.187,0.62738,0.98546,0.54721,0.95352,0.83177,0.90868,0.88608,0.71308,0.83575,0.8313,0.81973,0.55265,0.71656,1.67125,0.7673,0.97217,6.49063e-05,6.49063e-05,6.49063e-05
205,747.893,0.60322,0.93395,0.52529,0.95128,0.8193,0.91794,0.88607,0.71733,0.82084,0.83238,0.81643,0.5473,0.70661,1.66729,0.76405,0.96958,6.46085e-05,6.46085e-05,6.46085e-05
206,751.292,0.61454,0.87763,0.54228,0.95028,0.81895,0.9387,0.88504,0.71962,0.80038,0.8484,0.81429,0.54059,0.69451,1.66068,0.75972,0.96755,6.43101e-05,6.43101e-05,6.43101e-05
207,755.107,0.57826,0.82969,0.53247,0.95721,0.82793,0.94057,0.88546,0.71955,0.80549,0.86937,0.81338,0.54288,0.69487,1.66278,0.7582,0.96693,6.40111e-05,6.40111e-05,6.40111e-05
208,758.661,0.55463,0.86123,0.52048,0.93611,0.84706,0.92944,0.88728,0.71469,0.82404,0.85582,0.81672,0.54132,0.68771,1.66444,0.7505,0.96304,6.37116e-05,6.37116e-05,6.37116e-05
209,762.326,0.56996,0.77816,0.5042,0.9456,0.81235,0.9435,0.88474,0.7049,0.8116,0.85893,0.80854,0.54016,0.68136,1.69041,0.74619,0.96023,6.34117e-05,6.34117e-05,6.34117e-05
210,765.936,0.55706,0.81781,0.4986,0.93433,0.86498,0.89082,0.88044,0.70746,0.83324,0.86251,0.80829,0.54212,0.66939,1.75633,0.76236,0.95307,6.31112e-05,6.31112e-05,6.31112e-05
211,769.469,0.5911,0.87943,0.52026,0.94437,0.84103,0.90255,0.86983,0.70199,0.82205,0.86925,0.8041,0.54085,0.6758,1.78595,0.78256,0.94932,6.28101e-05,6.28101e-05,6.28101e-05
212,773.116,0.63164,0.9479,0.53491,0.95004,0.84427,0.91241,0.87878,0.7054,0.82177,0.87001,0.80954,0.55032,0.68642,1.77176,0.78237,0.95017,6.25087e-05,6.25087e-05,6.25087e-05
213,776.803,0.59718,1.00097,0.52973,0.95917,0.8286,0.91644,0.88472,0.71025,0.78122,0.86659,0.81003,0.54629,0.6829,1.74722,0.73729,0.95236,6.22067e-05,6.22067e-05,6.22067e-05
214,780.293,0.60825,0.87509,0.50355,0.95232,0.81451,0.92926,0.88711,0.70626,0.76965,0.85425,0.81193,0.54619,0.70295,1.74465,0.72859,0.95702,6.19043e-05,6.19043e-05,6.19043e-05
215,783.975,0.61252,0.91442,0.50221,0.96414,0.86089,0.86608,0.88859,0.71052,0.8045,0.82535,0.8097,0.55259,0.70275,1.74116,0.73782,0.95744,6.16014e-05,6.16014e-05,6.16014e-05
216,787.563,0.57083,0.91512,0.52539,0.96113,0.87166,0.87165,0.88793,0.71946,0.82335,0.82998,0.81083,0.55112,0.6986,1.75271,0.73599,0.95743,6.12981e-05,6.12981e-05,6.12981e-05
217,791.036,0.57732,0.86914,0.51063,0.95077,0.86977,0.88811,0.89408,0.72267,0.83185,0.84979,0.81904,0.55623,0.68874,1.75201,0.72827,0.95308,6.09944e-05,6.09944e-05,6.09944e-05
218,794.663,0.58105,0.85048,0.5208,0.94187,0.86251,0.91204,0.89924,0.72687,0.84493,0.85185,0.82221,0.55407,0.6914,1.73988,0.73046,0.95068,6.06902e-05,6.06902e-05,6.06902e-05
219,798.333,0.60768,1.01324,0.51806,0.94311,0.82375,0.93056,0.89436,0.71734,0.83215,0.86111,0.81825,0.55051,0.69048,1.71661,0.74854,0.9469,6.03856e-05,6.03856e-05,6.03856e-05
220,801.935,0.5734,0.86937,0.50177,0.94906,0.83559,0.91204,0.88488,0.71122,0.81595,0.86307,0.81442,0.5509,0.68974,1.69783,0.77335,0.94783,6.00807e-05,6.00807e-05,6.00807e-05
221,805.45,0.59359,0.88241,0.51935,0.95768,0.83062,0.92018,0.88774,0.71357,0.84052,0.85167,0.82708,0.54536,0.69662,1.7011,0.75723,0.95509,5.97754e-05,5.97754e-05,5.97754e-05
222,809.148,0.59215,0.89213,0.49935,0.96104,0.86742,0.87748,0.89534,0.71391,0.82846,0.82663,0.80943,0.54315,0.70564,1.68815,0.75543,0.96758,5.94697e-05,5.94697e-05,5.94697e-05
223,812.754,0.57705,0.8574,0.52739,0.94778,0.85884,0.88445,0.89903,0.71607,0.82617,0.84235,0.81225,0.54327,0.71098,1.69018,0.75729,0.97408,5.91636e-05,5.91636e-05,5.91636e-05
224,816.243,0.57665,0.92135,0.51449,0.95079,0.81838,0.93237,0.89672,0.72269,0.81638,0.82583,0.81499,0.54943,0.70149,1.68521,0.7516,0.97312,5.88573e-05,5.88573e-05,5.88573e-05
225,819.881,0.62329,0.95117,0.5291,0.96608,0.86431,0.86239,0.89345,0.7175,0.82155,0.82397,0.81698,0.55017,0.70914,1.68742,0.75854,0.97782,5.85505e-05,5.85505e-05,5.85505e-05
226,823.55,0.57531,0.84325,0.49659,0.94843,0.87554,0.871,0.89126,0.71746,0.82544,0.82535,0.80963,0.54563,0.71493,1.69241,0.75694,0.98379,5.82435e-05,5.82435e-05,5.82435e-05
227,827.122,0.63746,0.94483,0.52121,0.96491,0.84705,0.91092,0.88747,0.71091,0.83209,0.82913,0.80431,0.54539,0.70834,1.69501,0.76217,0.98342,5.79362e-05,5.79362e-05,5.79362e-05
228,830.842,0.59159,0.9455,0.50992,0.95718,0.85953,0.88777,0.88455,0.71232,0.83115,0.8461,0.8116,0.55133,0.69748,1.7195,0.76018,0.97856,5.76285e-05,5.76285e-05,5.76285e-05
229,834.325,0.55468,0.82091,0.5144,0.94333,0.85795,0.88777,0.8967,0.72116,0.82196,0.85073,0.83107,0.56053,0.70198,1.73917,0.75262,0.97958,5.73206e-05,5.73206e-05,5.73206e-05
230,837.879,0.58111,0.86679,0.51385,0.95444,0.85256,0.89402,0.90135,0.7211,0.81763,0.85536,0.83481,0.55513,0.70839,1.77246,0.73567,0.97821,5.70124e-05,5.70124e-05,5.70124e-05
231,841.542,0.57479,0.83222,0.51313,0.9415,0.8345,0.91053,0.8987,0.7188,0.82358,0.85238,0.83911,0.54366,0.71467,1.78036,0.73626,0.97806,5.6704e-05,5.6704e-05,5.6704e-05
232,845.213,0.58454,0.92809,0.50642,0.9498,0.86921,0.88202,0.8993,0.72506,0.83973,0.8495,0.83968,0.54746,0.71419,1.76845,0.73548,0.97977,5.63953e-05,5.63953e-05,5.63953e-05
233,848.695,0.55721,0.9199,0.50535,0.95622,0.86249,0.89591,0.89333,0.72192,0.82226,0.85342,0.82487,0.54227,0.7011,1.74274,0.73952,0.97674,5.60864e-05,5.60864e-05,5.60864e-05
234,852.261,0.57037,0.89999,0.49655,0.9469,0.84832,0.88808,0.89315,0.71564,0.82984,0.81737,0.81563,0.54048,0.70994,1.69508,0.74596,0.97735,5.57773e-05,5.57773e-05,5.57773e-05
235,855.902,0.57809,0.89729,0.49579,0.9486,0.84355,0.88756,0.88861,0.7151,0.80162,0.8458,0.82479,0.54449,0.71393,1.64711,0.75655,0.98058,5.54679e-05,5.54679e-05,5.54679e-05
236,859.513,0.62042,0.95359,0.5285,0.96006,0.87493,0.86941,0.90189,0.72374,0.84313,0.83478,0.83126,0.55508,0.70079,1.62167,0.7471,0.97317,5.51584e-05,5.51584e-05,5.51584e-05
237,863.038,0.61256,0.89391,0.52312,0.95948,0.86223,0.88665,0.89875,0.73,0.83238,0.85772,0.82743,0.56075,0.68489,1.61777,0.73784,0.95749,5.48486e-05,5.48486e-05,5.48486e-05
238,866.779,0.58734,0.85537,0.50486,0.95247,0.85409,0.9048,0.89836,0.72201,0.83587,0.86351,0.85155,0.56676,0.68658,1.6225,0.74101,0.95603,5.45387e-05,5.45387e-05,5.45387e-05
239,870.385,0.56782,0.92145,0.49408,0.93079,0.83092,0.91415,0.90148,0.72033,0.8232,0.84605,0.8503,0.56525,0.69452,1.6368,0.74101,0.95877,5.42287e-05,5.42287e-05,5.42287e-05
240,873.975,0.58688,0.90858,0.50475,0.94182,0.83284,0.92369,0.90085,0.72129,0.83544,0.81838,0.83335,0.56092,0.69738,1.64365,0.73894,0.95821,5.39185e-05,5.39185e-05,5.39185e-05
241,877.602,0.55463,0.88319,0.48895,0.93194,0.79634,0.93407,0.90034,0.72658,0.84252,0.81976,0.84034,0.55931,0.69781,1.63838,0.73829,0.96075,5.36081e-05,5.36081e-05,5.36081e-05
242,881.316,0.57051,0.85701,0.48446,0.94441,0.83563,0.89256,0.90321,0.73111,0.81068,0.83096,0.83682,0.55566,0.6992,1.65282,0.73174,0.96452,5.32977e-05,5.32977e-05,5.32977e-05
243,884.811,0.57179,0.95157,0.51053,0.94303,0.87183,0.84383,0.89878,0.72261,0.84189,0.82089,0.83363,0.5506,0.70424,1.67312,0.73428,0.96556,5.29871e-05,5.29871e-05,5.29871e-05
244,888.538,0.58106,0.8223,0.48777,0.93684,0.88782,0.83589,0.89967,0.72437,0.85843,0.8075,0.824,0.54133,0.69412,1.70367,0.73544,0.96358,5.26764e-05,5.26764e-05,5.26764e-05
245,892.073,0.60802,0.96953,0.51388,0.95547,0.88497,0.85552,0.89202,0.72282,0.85738,0.81338,0.81844,0.5395,0.68025,1.71158,0.75042,0.95847,5.23657e-05,5.23657e-05,5.23657e-05
246,895.689,0.58892,0.88584,0.50146,0.94445,0.84021,0.89654,0.8877,0.71881,0.84174,0.80115,0.81354,0.54314,0.67733,1.69505,0.76509,0.96352,5.20548e-05,5.20548e-05,5.20548e-05
247,899.616,0.59217,0.89258,0.49851,0.94585,0.8481,0.8863,0.88302,0.7186,0.8132,0.82423,0.81117,0.54122,0.68517,1.70431,0.76751,0.96692,5.17439e-05,5.17439e-05,5.17439e-05
248,903.195,0.55991,0.88762,0.50743,0.93931,0.83109,0.88573,0.87382,0.71737,0.78189,0.84562,0.80547,0.5451,0.69693,1.70928,0.76788,0.97205,5.1433e-05,5.1433e-05,5.1433e-05
249,906.668,0.55952,0.81894,0.47594,0.9328,0.81053,0.9078,0.87517,0.71179,0.76095,0.85753,0.80099,0.54225,0.7118,1.72213,0.76469,0.97838,5.1122e-05,5.1122e-05,5.1122e-05
250,910.272,0.60149,0.89279,0.50178,0.94331,0.83182,0.92186,0.87689,0.70477,0.77893,0.87587,0.80707,0.53413,0.71824,1.7337,0.76285,0.97898,5.0811e-05,5.0811e-05,5.0811e-05
251,913.978,0.55124,0.81842,0.47819,0.94778,0.83199,0.91123,0.88154,0.70982,0.77968,0.86083,0.80621,0.53555,0.71177,1.73077,0.75032,0.97569,5.05e-05,5.05e-05,5.05e-05
252,917.596,0.60628,0.91799,0.51111,0.95259,0.8403,0.9092,0.88743,0.71923,0.79098,0.86462,0.81075,0.53996,0.70162,1.72445,0.7362,0.97043,5.0189e-05,5.0189e-05,5.0189e-05
253,921.219,0.5558,0.86594,0.49329,0.94975,0.85836,0.90178,0.8971,0.72769,0.79913,0.85181,0.81837,0.54071,0.6935,1.72584,0.73047,0.96856,4.9878e-05,4.9878e-05,4.9878e-05
254,924.808,0.54243,0.82265,0.48323,0.93706,0.86039,0.9098,0.89999,0.72998,0.8008,0.85425,0.82198,0.54285,0.69638,1.69809,0.72533,0.96582,4.9567e-05,4.9567e-05,4.9567e-05
255,928.475,0.61934,0.88455,0.50523,0.94573,0.86086,0.90506,0.89917,0.73161,0.84067,0.81497,0.81718,0.54758,0.70178,1.67823,0.7236,0.96182,4.92561e-05,4.92561e-05,4.92561e-05
256,932.063,0.59847,0.95521,0.51584,0.94954,0.86406,0.88665,0.89366,0.71933,0.85592,0.82362,0.82853,0.5415,0.70906,1.67374,0.73169,0.96464,4.89452e-05,4.89452e-05,4.89452e-05
257,935.683,0.5688,0.83454,0.50084,0.94486,0.82187,0.92273,0.89478,0.72073,0.85773,0.82969,0.82738,0.54379,0.71042,1.67203,0.74255,0.96451,4.86343e-05,4.86343e-05,4.86343e-05
258,939.203,0.55059,0.84167,0.48051,0.94938,0.88682,0.86333,0.89138,0.71789,0.8636,0.83387,0.82579,0.54861,0.70922,1.68558,0.74621,0.96425,4.83236e-05,4.83236e-05,4.83236e-05
259,942.788,0.56831,0.85382,0.4866,0.93954,0.87796,0.87798,0.88973,0.72061,0.84179,0.8461,0.82573,0.54993,0.70071,1.69196,0.75061,0.96035,4.80129e-05,4.80129e-05,4.80129e-05
260,946.464,0.54303,0.85228,0.48276,0.93751,0.87594,0.87388,0.88205,0.71695,0.84219,0.84148,0.81852,0.54616,0.69128,1.70363,0.75642,0.95776,4.77023e-05,4.77023e-05,4.77023e-05
261,949.917,0.55958,0.85613,0.4858,0.94785,0.83385,0.91204,0.88271,0.71683,0.80637,0.86273,0.81883,0.55375,0.69442,1.70632,0.75472,0.95698,4.73919e-05,4.73919e-05,4.73919e-05
262,953.445,0.58313,0.84165,0.50375,0.95407,0.83809,0.91667,0.88667,0.7176,0.79726,0.86446,0.81734,0.55416,0.6947,1.70495,0.7488,0.95779,4.70815e-05,4.70815e-05,4.70815e-05
263,957.077,0.57431,0.87019,0.49556,0.94748,0.84223,0.91204,0.88964,0.7222,0.79894,0.87418,0.82706,0.55717,0.69985,1.6898,0.74543,0.96089,4.67713e-05,4.67713e-05,4.67713e-05
264,960.714,0.60455,0.97633,0.51752,0.94963,0.83247,0.91124,0.8878,0.71872,0.79918,0.88282,0.83967,0.55375,0.7095,1.68036,0.74328,0.96387,4.64613e-05,4.64613e-05,4.64613e-05
265,964.252,0.55866,0.92267,0.48103,0.94136,0.83492,0.91046,0.88692,0.71629,0.78995,0.85772,0.81767,0.54923,0.70431,1.66267,0.74887,0.96188,4.61514e-05,4.61514e-05,4.61514e-05
266,967.92,0.56004,0.85658,0.49934,0.9327,0.83626,0.89872,0.88659,0.72155,0.80023,0.84499,0.81546,0.55263,0.69775,1.64159,0.74359,0.96075,4.58416e-05,4.58416e-05,4.58416e-05
267,971.468,0.55696,0.83233,0.47352,0.93292,0.84853,0.89933,0.88588,0.7283,0.80147,0.84103,0.81671,0.5505,0.6877,1.62789,0.74231,0.96028,4.55321e-05,4.55321e-05,4.55321e-05
268,975.019,0.55693,0.89715,0.49,0.94538,0.85805,0.8941,0.88925,0.73646,0.80362,0.84892,0.82357,0.55621,0.68437,1.62307,0.7399,0.96091,4.52227e-05,4.52227e-05,4.52227e-05
269,978.625,0.59886,0.90967,0.49587,0.95414,0.85774,0.89346,0.88584,0.72526,0.81275,0.85219,0.82988,0.55425,0.68648,1.62526,0.74128,0.95951,4.49136e-05,4.49136e-05,4.49136e-05
270,982.205,0.57381,0.84077,0.4909,0.94538,0.8659,0.90517,0.88961,0.72744,0.81641,0.85888,0.83023,0.55399,0.68816,1.64289,0.73786,0.95657,4.46047e-05,4.46047e-05,4.46047e-05
271,985.954,0.56211,0.84132,0.4837,0.93958,0.84817,0.90347,0.88782,0.72748,0.79926,0.85727,0.83085,0.55458,0.69159,1.6626,0.73856,0.95489,4.4296e-05,4.4296e-05,4.4296e-05
272,989.438,0.5492,0.75926,0.48531,0.93306,0.84268,0.88895,0.88776,0.72466,0.82518,0.84071,0.83496,0.55832,0.69551,1.67132,0.73067,0.95681,4.39876e-05,4.39876e-05,4.39876e-05
273,992.962,0.56763,0.91033,0.49151,0.94575,0.84843,0.89945,0.88639,0.71756,0.79857,0.84728,0.8273,0.55094,0.69289,1.66985,0.73,0.95868,4.36794e-05,4.36794e-05,4.36794e-05
274,996.665,0.56312,0.85655,0.49124,0.94213,0.8344,0.91319,0.89065,0.71254,0.84295,0.80683,0.82103,0.55086,0.70493,1.6836,0.72491,0.96384,4.33715e-05,4.33715e-05,4.33715e-05
275,1000.16,0.57306,0.82265,0.4921,0.9368,0.85608,0.88554,0.89053,0.71291,0.82271,0.82669,0.82827,0.55878,0.69834,1.6851,0.72147,0.9605,4.30638e-05,4.30638e-05,4.30638e-05
276,1003.86,0.57173,0.84322,0.48035,0.9429,0.84747,0.89943,0.89455,0.72229,0.79024,0.84956,0.82563,0.55923,0.69031,1.67687,0.71411,0.95409,4.27565e-05,4.27565e-05,4.27565e-05
277,1007.51,0.56318,0.84513,0.49699,0.94801,0.84121,0.91703,0.89831,0.72667,0.79921,0.87556,0.84588,0.56509,0.68504,1.66991,0.71033,0.95126,4.24495e-05,4.24495e-05,4.24495e-05
278,1011.14,0.56501,0.86389,0.47773,0.93808,0.84811,0.92677,0.90525,0.72964,0.80549,0.88665,0.84842,0.56493,0.68711,1.68392,0.71432,0.95264,4.21427e-05,4.21427e-05,4.21427e-05
279,1014.71,0.563,0.89488,0.49901,0.95189,0.83864,0.922,0.90262,0.7341,0.79787,0.87853,0.8471,0.56687,0.68362,1.69194,0.72548,0.95657,4.18364e-05,4.18364e-05,4.18364e-05
280,1018.33,0.59881,0.97268,0.50215,0.96383,0.82926,0.92832,0.89904,0.73851,0.82174,0.86309,0.83752,0.56981,0.67655,1.68947,0.72927,0.95671,4.15303e-05,4.15303e-05,4.15303e-05
281,1021.97,0.55967,0.8794,0.48128,0.94003,0.83239,0.93534,0.89623,0.7362,0.81364,0.8725,0.83303,0.57453,0.68004,1.68405,0.73255,0.95619,4.12246e-05,4.12246e-05,4.12246e-05
282,1025.63,0.57222,0.87845,0.48241,0.94082,0.83197,0.9387,0.89125,0.72926,0.80758,0.87124,0.82495,0.57077,0.6902,1.68899,0.73716,0.95654,4.09193e-05,4.09193e-05,4.09193e-05
283,1029.15,0.57141,0.90757,0.50955,0.9587,0.84687,0.91625,0.8895,0.72584,0.8051,0.87639,0.83135,0.57196,0.69322,1.69962,0.73851,0.9557,4.06144e-05,4.06144e-05,4.06144e-05
284,1032.81,0.54845,0.80052,0.47378,0.94257,0.84837,0.928,0.8911,0.72877,0.80708,0.88673,0.83233,0.57249,0.67937,1.71752,0.73966,0.95259,4.03098e-05,4.03098e-05,4.03098e-05
285,1036.35,0.56051,0.8121,0.48609,0.93658,0.83996,0.92462,0.89618,0.73134,0.79485,0.87852,0.82902,0.57711,0.67012,1.73632,0.74671,0.95292,4.00056e-05,4.00056e-05,4.00056e-05
286,1039.91,0.57039,0.87361,0.47573,0.94181,0.84835,0.91792,0.89917,0.7293,0.80169,0.87165,0.82852,0.57269,0.67203,1.73908,0.7478,0.95829,3.97019e-05,3.97019e-05,3.97019e-05
287,1043.55,0.54991,0.79111,0.46714,0.93396,0.84763,0.91153,0.89358,0.72731,0.79609,0.86103,0.81924,0.5643,0.67716,1.72494,0.74474,0.96344,3.93986e-05,3.93986e-05,3.93986e-05
288,1047.06,0.53538,0.77896,0.46434,0.92504,0.86372,0.8948,0.89286,0.72705,0.82105,0.8485,0.82536,0.56285,0.67967,1.71159,0.74304,0.96376,3.90957e-05,3.90957e-05,3.90957e-05
289,1050.78,0.5622,0.85131,0.49179,0.93677,0.85758,0.89943,0.89413,0.7277,0.8382,0.84013,0.82706,0.56387,0.68009,1.69167,0.73584,0.96258,3.87933e-05,3.87933e-05,3.87933e-05
290,1054.43,0.61567,0.96303,0.50723,0.96169,0.85874,0.89636,0.89418,0.73081,0.85744,0.82072,0.824,0.56838,0.6748,1.67669,0.72455,0.96032,3.84913e-05,3.84913e-05,3.84913e-05
291,1058.13,0.53049,0.7815,0.46097,0.93274,0.85843,0.89943,0.89474,0.72803,0.85088,0.82072,0.82487,0.56986,0.67668,1.67931,0.71418,0.95782,3.81899e-05,3.81899e-05,3.81899e-05
292,1061.67,0.57488,0.82597,0.48617,0.94311,0.8648,0.91742,0.90128,0.73325,0.81203,0.86644,0.82165,0.56962,0.68166,1.69627,0.70812,0.95871,3.78888e-05,3.78888e-05,3.78888e-05
293,1065.32,0.54794,0.88042,0.46351,0.94664,0.86391,0.92364,0.90222,0.72742,0.81947,0.87739,0.83605,0.57032,0.68173,1.7174,0.70654,0.95851,3.75883e-05,3.75883e-05,3.75883e-05
294,1068.89,0.54824,0.76307,0.46917,0.93716,0.84448,0.92052,0.90131,0.72535,0.81163,0.87729,0.83437,0.56886,0.68202,1.7369,0.70961,0.95745,3.72884e-05,3.72884e-05,3.72884e-05
295,1072.46,0.55129,0.90644,0.48121,0.93874,0.8462,0.91906,0.89838,0.72633,0.81317,0.87739,0.83172,0.56546,0.67616,1.74758,0.71232,0.95551,3.69889e-05,3.69889e-05,3.69889e-05
296,1076.08,0.54589,0.78665,0.47191,0.93915,0.84743,0.91961,0.89695,0.72192,0.81009,0.88283,0.83578,0.56037,0.67604,1.74744,0.71619,0.95372,3.66899e-05,3.66899e-05,3.66899e-05
297,1079.7,0.54865,0.83016,0.48131,0.95281,0.85544,0.91757,0.89515,0.72077,0.80768,0.87154,0.81883,0.55852,0.67472,1.72069,0.72421,0.95168,3.63915e-05,3.63915e-05,3.63915e-05
298,1083.23,0.53824,0.79945,0.45373,0.93311,0.85155,0.92369,0.8962,0.72294,0.80939,0.88202,0.82277,0.56551,0.67276,1.71054,0.73092,0.95089,3.60937e-05,3.60937e-05,3.60937e-05
299,1086.92,0.54306,0.79276,0.47986,0.94159,0.85345,0.91879,0.89247,0.72304,0.81093,0.87719,0.82165,0.56725,0.67178,1.69838,0.73541,0.95152,3.57964e-05,3.57964e-05,3.57964e-05
300,1090.42,0.53551,0.86349,0.48653,0.93096,0.83923,0.92832,0.89305,0.72265,0.80765,0.87563,0.82905,0.56693,0.66858,1.70024,0.72717,0.9505,3.54998e-05,3.54998e-05,3.54998e-05
301,1093.94,0.57849,0.96396,0.48235,0.95271,0.85477,0.9052,0.89067,0.7234,0.80577,0.85979,0.82313,0.56286,0.66831,1.71539,0.72419,0.94928,3.52037e-05,3.52037e-05,3.52037e-05
302,1097.52,0.55911,0.8298,0.46185,0.9398,0.86647,0.89912,0.88886,0.71877,0.81349,0.85313,0.82142,0.56423,0.67638,1.7437,0.72712,0.95239,3.49082e-05,3.49082e-05,3.49082e-05
303,1101.16,0.56327,0.88098,0.47102,0.93318,0.85503,0.90405,0.88795,0.71785,0.82408,0.859,0.83715,0.56633,0.68194,1.75695,0.72902,0.95393,3.46133e-05,3.46133e-05,3.46133e-05
304,1104.88,0.54372,0.81853,0.47556,0.93923,0.85754,0.90511,0.88739,0.72119,0.81703,0.8595,0.83157,0.5627,0.68504,1.74904,0.72875,0.95285,3.4319e-05,3.4319e-05,3.4319e-05
305,1108.48,0.54742,0.80991,0.45263,0.93632,0.85663,0.90616,0.88502,0.71988,0.83511,0.87703,0.85014,0.56388,0.68412,1.72621,0.73176,0.95169,3.40254e-05,3.40254e-05,3.40254e-05
306,1112.05,0.55565,0.82372,0.46897,0.93436,0.86433,0.9054,0.88656,0.72182,0.83532,0.87762,0.85307,0.56681,0.68518,1.70115,0.72901,0.95292,3.37325e-05,3.37325e-05,3.37325e-05
307,1115.61,0.51872,0.78828,0.46692,0.93866,0.85978,0.90528,0.89148,0.72227,0.82558,0.87301,0.84645,0.57125,0.68821,1.67448,0.72712,0.95621,3.34402e-05,3.34402e-05,3.34402e-05
308,1119.2,0.53355,0.81787,0.46548,0.94584,0.85867,0.9158,0.89438,0.72287,0.80616,0.85661,0.82536,0.56518,0.69147,1.66262,0.72316,0.95786,3.31486e-05,3.31486e-05,3.31486e-05
309,1123.2,0.52975,0.75251,0.45587,0.92056,0.85202,0.9111,0.89701,0.72809,0.81601,0.83842,0.82368,0.56813,0.69787,1.66894,0.72528,0.96002,3.28576e-05,3.28576e-05,3.28576e-05
310,1126.7,0.55535,0.85295,0.47228,0.93061,0.86176,0.89508,0.89559,0.72097,0.822,0.84626,0.82506,0.56167,0.70602,1.68002,0.7314,0.96204,3.25674e-05,3.25674e-05,3.25674e-05
311,1130.33,0.56058,0.86711,0.48307,0.94816,0.85452,0.90405,0.89725,0.72428,0.80732,0.8568,0.83033,0.5612,0.70838,1.69298,0.72879,0.96277,3.22778e-05,3.22778e-05,3.22778e-05
312,1133.94,0.53978,0.87325,0.4738,0.94675,0.84972,0.91331,0.90052,0.72623,0.80731,0.87165,0.83006,0.56271,0.70547,1.71162,0.72667,0.96177,3.1989e-05,3.1989e-05,3.1989e-05
313,1137.42,0.55076,0.82672,0.46226,0.92886,0.86364,0.91443,0.90543,0.73434,0.80861,0.87277,0.83,0.56258,0.70143,1.71488,0.72374,0.96051,3.17009e-05,3.17009e-05,3.17009e-05
314,1141.03,0.57026,0.78665,0.47444,0.95059,0.86046,0.91218,0.90223,0.73423,0.81373,0.87277,0.83341,0.56568,0.69388,1.71292,0.72558,0.95715,3.14136e-05,3.14136e-05,3.14136e-05
315,1144.56,0.53819,0.84591,0.47436,0.94705,0.86418,0.91906,0.89988,0.73174,0.8107,0.87277,0.82779,0.5666,0.69181,1.70043,0.72056,0.95544,3.1127e-05,3.1127e-05,3.1127e-05
316,1148.19,0.55313,0.8223,0.46815,0.93574,0.85107,0.91443,0.89744,0.7312,0.80759,0.87277,0.83639,0.57193,0.69553,1.69657,0.71325,0.95679,3.08412e-05,3.08412e-05,3.08412e-05
317,1151.67,0.56297,0.84933,0.47447,0.93358,0.85232,0.9098,0.89062,0.72462,0.8187,0.87739,0.83977,0.57607,0.70432,1.68478,0.70733,0.95926,3.05561e-05,3.05561e-05,3.05561e-05
318,1155.43,0.55992,0.85729,0.46769,0.93037,0.85232,0.9098,0.89022,0.72774,0.81834,0.87739,0.83897,0.57588,0.70575,1.68498,0.70712,0.95996,3.02719e-05,3.02719e-05,3.02719e-05
319,1158.84,0.55606,0.86005,0.47671,0.94452,0.86489,0.9098,0.89303,0.72719,0.82419,0.87277,0.83406,0.57658,0.70349,1.69698,0.70928,0.95946,2.99884e-05,2.99884e-05,2.99884e-05
320,1162.52,0.58634,0.87174,0.49001,0.9351,0.86311,0.9098,0.89467,0.731,0.81216,0.87739,0.83251,0.57499,0.70696,1.72136,0.71156,0.9608,2.97058e-05,2.97058e-05,2.97058e-05
321,1166.14,0.53605,0.80842,0.44063,0.93179,0.86076,0.91335,0.89556,0.73097,0.80705,0.86351,0.82273,0.57315,0.71082,1.74525,0.71978,0.96324,2.94239e-05,2.94239e-05,2.94239e-05
322,1169.64,0.54269,0.78718,0.4545,0.93099,0.84397,0.92378,0.89913,0.73183,0.78895,0.86851,0.82185,0.57102,0.71075,1.73777,0.71652,0.96506,2.91429e-05,2.91429e-05,2.91429e-05
323,1173.13,0.58073,0.87862,0.47215,0.95098,0.85043,0.92369,0.89959,0.73369,0.79837,0.87277,0.82563,0.56686,0.71041,1.72507,0.71444,0.96461,2.88628e-05,2.88628e-05,2.88628e-05
324,1176.72,0.57348,0.80236,0.4742,0.93421,0.85299,0.92977,0.90225,0.73666,0.79297,0.86948,0.82012,0.56959,0.70124,1.7138,0.71255,0.96205,2.85835e-05,2.85835e-05,2.85835e-05
325,1180.32,0.54912,0.83444,0.47334,0.92957,0.84903,0.93158,0.90151,0.73996,0.799,0.88117,0.82925,0.57184,0.69289,1.70995,0.71159,0.9592,2.8305e-05,2.8305e-05,2.8305e-05
326,1183.91,0.5359,0.76626,0.46661,0.93218,0.8453,0.93305,0.90156,0.73761,0.81064,0.87889,0.83499,0.56683,0.68551,1.70554,0.71086,0.95653,2.80275e-05,2.80275e-05,2.80275e-05
327,1187.58,0.54833,0.81709,0.4672,0.93351,0.85791,0.91906,0.90062,0.73654,0.80982,0.87277,0.82553,0.5634,0.68989,1.70827,0.71246,0.95656,2.77508e-05,2.77508e-05,2.77508e-05
328,1191.17,0.57807,0.93274,0.47938,0.94198,0.85594,0.91864,0.89789,0.73528,0.80827,0.87274,0.82131,0.56625,0.69358,1.71465,0.70926,0.95581,2.7475e-05,2.7475e-05,2.7475e-05
329,1194.77,0.55179,0.84176,0.47635,0.93989,0.85719,0.92454,0.8953,0.73375,0.79955,0.86925,0.81182,0.5677,0.69401,1.71457,0.71125,0.95509,2.72002e-05,2.72002e-05,2.72002e-05
330,1198.37,0.57496,0.90545,0.48397,0.94518,0.84502,0.92502,0.90044,0.73647,0.80193,0.86842,0.81662,0.56874,0.69761,1.72417,0.71314,0.95609,2.69262e-05,2.69262e-05,2.69262e-05
331,1202.02,0.50936,0.71745,0.43708,0.92455,0.86067,0.92569,0.90204,0.73966,0.80798,0.87517,0.81714,0.56954,0.69921,1.72316,0.70861,0.95709,2.66532e-05,2.66532e-05,2.66532e-05
332,1205.67,0.51188,0.82752,0.44645,0.92177,0.8564,0.91443,0.90216,0.73586,0.80789,0.86814,0.82474,0.57063,0.70339,1.71613,0.70589,0.95689,2.63811e-05,2.63811e-05,2.63811e-05
333,1209.3,0.5179,0.78455,0.4445,0.9218,0.86727,0.91443,0.90166,0.73367,0.80589,0.85888,0.81116,0.56552,0.70615,1.71489,0.7011,0.95699,2.611e-05,2.611e-05,2.611e-05
334,1212.92,0.56948,0.88135,0.48411,0.94096,0.86309,0.91906,0.90272,0.73253,0.80254,0.86814,0.82166,0.57197,0.70719,1.71232,0.69443,0.95575,2.58398e-05,2.58398e-05,2.58398e-05
335,1216.54,0.53904,0.81029,0.46148,0.9424,0.86557,0.92755,0.90438,0.73377,0.80527,0.87277,0.82062,0.57124,0.70221,1.71811,0.68883,0.9569,2.55707e-05,2.55707e-05,2.55707e-05
336,1220.16,0.52899,0.76111,0.45447,0.93124,0.85469,0.92369,0.90352,0.73705,0.79708,0.86981,0.8167,0.56813,0.6976,1.72253,0.68949,0.95657,2.53024e-05,2.53024e-05,2.53024e-05
337,1223.75,0.54511,0.77166,0.45175,0.92886,0.85829,0.91224,0.90605,0.73853,0.80031,0.85755,0.8173,0.56504,0.69166,1.75152,0.69306,0.95561,2.50352e-05,2.50352e-05,2.50352e-05
338,1227.45,0.51954,0.80734,0.45173,0.94073,0.86491,0.91494,0.90751,0.73904,0.81091,0.86554,0.82067,0.5644,0.68918,1.7783,0.69539,0.95521,2.4769e-05,2.4769e-05,2.4769e-05
339,1231.08,0.55509,0.84474,0.44427,0.9324,0.86176,0.91443,0.90327,0.73075,0.7962,0.85425,0.80862,0.55865,0.69127,1.80238,0.69799,0.95607,2.45039e-05,2.45039e-05,2.45039e-05
340,1234.74,0.58062,0.85835,0.48169,0.95212,0.85461,0.91443,0.90166,0.73161,0.79104,0.85888,0.80267,0.55671,0.69226,1.80257,0.70048,0.95587,2.42397e-05,2.42397e-05,2.42397e-05
341,1238.31,0.57391,0.74014,0.47009,0.94266,0.84626,0.90517,0.89341,0.73253,0.78707,0.85425,0.80318,0.56208,0.691,1.80177,0.70537,0.95506,2.39766e-05,2.39766e-05,2.39766e-05
342,1241.87,0.59892,0.92933,0.48711,0.95707,0.84115,0.92369,0.89779,0.73467,0.77944,0.87277,0.80812,0.56347,0.69301,1.79873,0.7086,0.95566,2.37145e-05,2.37145e-05,2.37145e-05
343,1245.57,0.54121,0.77922,0.46577,0.9251,0.84355,0.92164,0.89519,0.7282,0.81956,0.83196,0.7993,0.56176,0.69647,1.77651,0.70826,0.95478,2.34535e-05,2.34535e-05,2.34535e-05
344,1248.97,0.55093,0.78582,0.46249,0.93014,0.84252,0.91629,0.88693,0.72182,0.8167,0.83461,0.79953,0.55905,0.69432,1.75491,0.70733,0.95399,2.31935e-05,2.31935e-05,2.31935e-05
345,1252.54,0.53419,0.86201,0.45673,0.93387,0.8531,0.91419,0.88746,0.72352,0.78552,0.8473,0.79295,0.55795,0.69459,1.7511,0.70575,0.95416,2.29347e-05,2.29347e-05,2.29347e-05
346,1256.19,0.54661,0.80298,0.44429,0.92883,0.85888,0.91906,0.89131,0.72567,0.79827,0.858,0.79795,0.5623,0.68905,1.75167,0.70353,0.95293,2.26769e-05,2.26769e-05,2.26769e-05
347,1259.72,0.56981,0.82597,0.46383,0.95529,0.86374,0.92046,0.89369,0.72983,0.80561,0.86533,0.80628,0.56322,0.68563,1.75706,0.70156,0.95249,2.24202e-05,2.24202e-05,2.24202e-05
348,1263.29,0.53576,0.79098,0.45393,0.93344,0.86654,0.91736,0.89362,0.73064,0.808,0.86195,0.80328,0.56253,0.6803,1.74944,0.69813,0.95071,2.21646e-05,2.21646e-05,2.21646e-05
349,1266.94,0.50883,0.77411,0.45824,0.92917,0.86667,0.91443,0.89234,0.73041,0.80481,0.85888,0.80614,0.559,0.68322,1.74154,0.70242,0.9499,2.19102e-05,2.19102e-05,2.19102e-05
350,1270.56,0.51254,0.81128,0.42763,0.92086,0.85977,0.91906,0.8891,0.72605,0.80638,0.86814,0.80572,0.56276,0.68502,1.71763,0.70544,0.94803,2.16568e-05,2.16568e-05,2.16568e-05
351,1274.22,0.54185,0.88317,0.45832,0.93655,0.85902,0.917,0.89277,0.73156,0.801,0.86193,0.80422,0.56704,0.68484,1.70038,0.70353,0.94647,2.14046e-05,2.14046e-05,2.14046e-05
352,1277.86,0.53785,0.804,0.45876,0.93675,0.85647,0.91331,0.89405,0.73417,0.79055,0.86814,0.80569,0.56859,0.68294,1.69064,0.70099,0.94522,2.11536e-05,2.11536e-05,2.11536e-05
353,1281.48,0.50352,0.76487,0.43335,0.92111,0.85469,0.91111,0.89729,0.73345,0.80219,0.8627,0.81346,0.56744,0.6812,1.68562,0.70132,0.94561,2.09037e-05,2.09037e-05,2.09037e-05
354,1285.15,0.56481,0.88747,0.46664,0.94589,0.85864,0.9223,0.89855,0.73625,0.8054,0.87232,0.81667,0.56544,0.68134,1.70093,0.70448,0.94704,2.0655e-05,2.0655e-05,2.0655e-05
355,1288.8,0.50372,0.77158,0.43948,0.91632,0.84208,0.93022,0.89215,0.72954,0.7911,0.88004,0.81835,0.56354,0.68613,1.72607,0.70923,0.94936,2.04075e-05,2.04075e-05,2.04075e-05
356,1292.37,0.52784,0.88506,0.45218,0.93368,0.85207,0.92002,0.89078,0.73095,0.81916,0.88827,0.84539,0.56451,0.69147,1.75295,0.70618,0.95116,2.01611e-05,2.01611e-05,2.01611e-05
357,1296.07,0.54285,0.83759,0.47242,0.94779,0.85177,0.91719,0.8888,0.7264,0.82335,0.88962,0.84204,0.56387,0.69342,1.7594,0.70032,0.95254,1.99159e-05,1.99159e-05,1.99159e-05
358,1299.7,0.55294,0.82075,0.46642,0.94257,0.86146,0.9225,0.89186,0.73069,0.82361,0.88575,0.82989,0.5624,0.68915,1.75046,0.69144,0.95074,1.9672e-05,1.9672e-05,1.9672e-05
359,1303.3,0.51741,0.82763,0.46008,0.9359,0.86181,0.91846,0.89391,0.73278,0.82842,0.88615,0.83473,0.56411,0.68107,1.7415,0.68717,0.94563,1.94293e-05,1.94293e-05,1.94293e-05
360,1306.85,0.51004,0.75525,0.44823,0.92382,0.8625,0.92369,0.89636,0.74025,0.81797,0.88202,0.82613,0.57174,0.67325,1.73023,0.68638,0.94275,1.91878e-05,1.91878e-05,1.91878e-05
361,1310.46,0.5484,0.85969,0.46678,0.94132,0.86145,0.92548,0.90608,0.74646,0.81914,0.88394,0.82795,0.57551,0.6718,1.73423,0.69097,0.94218,1.89475e-05,1.89475e-05,1.89475e-05
362,1314.12,0.52195,0.77737,0.44303,0.93497,0.85564,0.92648,0.90508,0.74835,0.81367,0.88511,0.83202,0.5768,0.66992,1.73039,0.69433,0.94254,1.87085e-05,1.87085e-05,1.87085e-05
363,1317.76,0.53046,0.81822,0.43698,0.92511,0.84854,0.91906,0.89985,0.74411,0.80081,0.87277,0.82454,0.57786,0.66524,1.73659,0.69302,0.9424,1.84707e-05,1.84707e-05,1.84707e-05
364,1321.92,0.53848,0.79693,0.46396,0.93719,0.84067,0.92369,0.90006,0.74062,0.79894,0.88202,0.83096,0.58025,0.66221,1.74068,0.69536,0.94234,1.82342e-05,1.82342e-05,1.82342e-05
365,1325.55,0.52843,0.88485,0.4545,0.94111,0.84383,0.92369,0.90075,0.74343,0.79315,0.87277,0.82242,0.58023,0.66005,1.73992,0.69539,0.94205,1.7999e-05,1.7999e-05,1.7999e-05
366,1329.19,0.49949,0.7623,0.43899,0.91308,0.84886,0.91906,0.90094,0.74312,0.80198,0.87277,0.8227,0.57732,0.66279,1.74352,0.7022,0.94222,1.77651e-05,1.77651e-05,1.77651e-05
367,1332.76,0.52657,0.80682,0.44322,0.91732,0.84919,0.91906,0.89591,0.7365,0.80102,0.87363,0.81925,0.57316,0.66705,1.74961,0.70336,0.9424,1.75324e-05,1.75324e-05,1.75324e-05
368,1336.42,0.51718,0.80636,0.46688,0.93241,0.84824,0.92265,0.89482,0.73442,0.802,0.87729,0.8235,0.57491,0.67325,1.74497,0.70476,0.94445,1.73011e-05,1.73011e-05,1.73011e-05
369,1340.13,0.54596,0.8402,0.4594,0.93965,0.85582,0.91443,0.89264,0.73445,0.80018,0.85888,0.81776,0.57291,0.67863,1.74462,0.70173,0.94599,1.7071e-05,1.7071e-05,1.7071e-05
370,1343.69,0.51318,0.751,0.43674,0.93134,0.84856,0.91926,0.8917,0.73133,0.79733,0.86967,0.81703,0.57044,0.68164,1.74645,0.70715,0.94771,1.68423e-05,1.68423e-05,1.68423e-05
371,1347.43,0.53004,0.82416,0.44664,0.92889,0.8723,0.89591,0.89279,0.72978,0.79787,0.86915,0.81692,0.56761,0.68145,1.73927,0.70743,0.94893,1.66149e-05,1.66149e-05,1.66149e-05
372,1350.89,0.5253,0.86116,0.45726,0.93471,0.87127,0.89887,0.89071,0.7317,0.81477,0.8481,0.81801,0.57146,0.68147,1.7294,0.70762,0.94989,1.63889e-05,1.63889e-05,1.63889e-05
373,1354.55,0.52659,0.77451,0.4344,0.91602,0.84926,0.91838,0.89185,0.73068,0.80234,0.87259,0.81857,0.57251,0.6811,1.71891,0.71371,0.94906,1.61642e-05,1.61642e-05,1.61642e-05
374,1358.11,0.55896,0.88207,0.45428,0.94376,0.84708,0.91769,0.89083,0.73168,0.80468,0.87643,0.82492,0.5746,0.67984,1.71642,0.71602,0.94899,1.59408e-05,1.59408e-05,1.59408e-05
375,1361.73,0.53162,0.77306,0.46433,0.92481,0.85079,0.91586,0.89361,0.73276,0.80876,0.87445,0.82682,0.57782,0.68049,1.72005,0.71709,0.94929,1.57188e-05,1.57188e-05,1.57188e-05
376,1365.32,0.51054,0.74153,0.42954,0.92579,0.85812,0.91032,0.89953,0.73646,0.80369,0.8746,0.82611,0.57875,0.67979,1.71728,0.7184,0.9497,1.54982e-05,1.54982e-05,1.54982e-05
377,1369.03,0.5587,0.78865,0.47095,0.93781,0.86646,0.90868,0.90209,0.73996,0.81831,0.86239,0.82975,0.58084,0.67708,1.70544,0.71573,0.94962,1.5279e-05,1.5279e-05,1.5279e-05
378,1372.69,0.53676,0.85822,0.46309,0.92377,0.8739,0.91331,0.90483,0.74055,0.82419,0.86702,0.83441,0.58136,0.67582,1.69394,0.71056,0.94955,1.50611e-05,1.50611e-05,1.50611e-05
379,1376.29,0.54361,0.80759,0.47102,0.93513,0.88059,0.9131,0.90914,0.74403,0.8168,0.85313,0.81836,0.57876,0.67756,1.69022,0.71049,0.95019,1.48447e-05,1.48447e-05,1.48447e-05
380,1379.89,0.55615,0.86134,0.46545,0.948,0.86932,0.91098,0.9087,0.74706,0.80965,0.85614,0.82258,0.57816,0.67694,1.68851,0.70984,0.95043,1.46297e-05,1.46297e-05,1.46297e-05
381,1383.46,0.53978,0.80448,0.44867,0.93492,0.86554,0.9272,0.90672,0.74424,0.80874,0.85776,0.8176,0.57623,0.67672,1.6856,0.70993,0.95132,1.44161e-05,1.44161e-05,1.44161e-05
382,1387,0.49103,0.719,0.42515,0.92136,0.86557,0.9272,0.90597,0.74482,0.80085,0.85894,0.81279,0.576,0.67347,1.67761,0.71206,0.95168,1.42039e-05,1.42039e-05,1.42039e-05
383,1390.66,0.48748,0.78487,0.43134,0.92379,0.86237,0.92454,0.90647,0.74367,0.80192,0.86254,0.8184,0.57654,0.67149,1.69025,0.71513,0.95063,1.39931e-05,1.39931e-05,1.39931e-05
384,1394.3,0.52372,0.82583,0.44001,0.92969,0.86183,0.92327,0.90501,0.74237,0.80592,0.86707,0.82188,0.58007,0.673,1.69932,0.71631,0.95091,1.37838e-05,1.37838e-05,1.37838e-05
385,1398.01,0.51032,0.8194,0.42679,0.91095,0.86529,0.92257,0.90395,0.74002,0.8148,0.87165,0.83194,0.58121,0.67033,1.69678,0.71633,0.9495,1.35759e-05,1.35759e-05,1.35759e-05
386,1401.58,0.54944,0.80982,0.4526,0.92024,0.86564,0.91794,0.90384,0.74196,0.82263,0.86535,0.83255,0.5816,0.6677,1.69828,0.71458,0.94736,1.33695e-05,1.33695e-05,1.33695e-05
387,1405.22,0.50272,0.7717,0.44402,0.92786,0.86888,0.91676,0.90399,0.7427,0.82029,0.87628,0.8335,0.57909,0.66584,1.69826,0.71542,0.94559,1.31646e-05,1.31646e-05,1.31646e-05
388,1408.84,0.52323,0.82733,0.43894,0.93406,0.87058,0.9232,0.90422,0.74705,0.81473,0.87242,0.82967,0.57945,0.66473,1.69656,0.71455,0.94445,1.29611e-05,1.29611e-05,1.29611e-05
389,1412.41,0.50556,0.76199,0.43161,0.92673,0.86274,0.92181,0.90313,0.74738,0.80937,0.87277,0.82587,0.57522,0.66449,1.70296,0.71193,0.94459,1.27591e-05,1.27591e-05,1.27591e-05
390,1415.92,0.52486,0.83484,0.43392,0.93704,0.85992,0.92369,0.90369,0.74734,0.80329,0.86814,0.82159,0.57558,0.6676,1.70621,0.70966,0.94417,1.25586e-05,1.25586e-05,1.25586e-05
391,1419.53,0.50729,0.7402,0.44165,0.92076,0.85835,0.92369,0.90566,0.74575,0.80448,0.87139,0.82339,0.57612,0.67188,1.71214,0.70781,0.94492,1.23596e-05,1.23596e-05,1.23596e-05
392,1423.29,0.51043,0.78432,0.4375,0.92635,0.85621,0.92369,0.89766,0.7417,0.80746,0.87879,0.82801,0.57453,0.67469,1.71334,0.70958,0.94504,1.21621e-05,1.21621e-05,1.21621e-05
393,1426.88,0.54201,0.81094,0.44665,0.93426,0.85663,0.92369,0.89677,0.73836,0.79949,0.86814,0.80768,0.57212,0.67578,1.71394,0.70877,0.94567,1.19661e-05,1.19661e-05,1.19661e-05
394,1430.5,0.53468,0.84994,0.4477,0.94818,0.85509,0.92369,0.8957,0.73325,0.7968,0.86814,0.80716,0.57018,0.67366,1.72057,0.70612,0.946,1.17717e-05,1.17717e-05,1.17717e-05
395,1434.02,0.52508,0.78733,0.4474,0.92531,0.85988,0.92369,0.8979,0.73871,0.80811,0.87277,0.81531,0.57062,0.66901,1.71808,0.70648,0.94527,1.15787e-05,1.15787e-05,1.15787e-05
396,1437.65,0.52462,0.75688,0.44499,0.93455,0.86551,0.92369,0.89996,0.74018,0.81285,0.87277,0.81858,0.57434,0.66646,1.70707,0.70753,0.94382,1.13873e-05,1.13873e-05,1.13873e-05
397,1441.34,0.50217,0.77535,0.43852,0.92465,0.87088,0.92178,0.90091,0.74015,0.81777,0.87159,0.82118,0.57327,0.66595,1.70439,0.7078,0.94324,1.11975e-05,1.11975e-05,1.11975e-05
398,1444.97,0.52582,0.75956,0.44387,0.93588,0.87147,0.92248,0.90097,0.74358,0.81839,0.87221,0.82213,0.57338,0.6662,1.7049,0.70669,0.94294,1.10092e-05,1.10092e-05,1.10092e-05
399,1448.59,0.50931,0.72175,0.44001,0.92708,0.86522,0.92369,0.90412,0.74505,0.80692,0.86814,0.82438,0.57392,0.66624,1.70354,0.70301,0.94237,1.08224e-05,1.08224e-05,1.08224e-05
400,1452.13,0.54687,0.76285,0.44451,0.94297,0.8629,0.92369,0.90356,0.74635,0.81097,0.87692,0.82479,0.57363,0.6646,1.70163,0.70127,0.94147,1.06373e-05,1.06373e-05,1.06373e-05
401,1455.63,0.5095,0.77982,0.44622,0.92455,0.86914,0.92832,0.90361,0.74261,0.81015,0.87277,0.82556,0.57174,0.664,1.7132,0.69979,0.94056,1.04537e-05,1.04537e-05,1.04537e-05
402,1459.41,0.51596,0.82211,0.44848,0.92046,0.87123,0.92832,0.90374,0.74172,0.81226,0.87277,0.8225,0.57,0.66396,1.72578,0.69689,0.94047,1.02716e-05,1.02716e-05,1.02716e-05
403,1462.85,0.55176,0.83839,0.46264,0.92951,0.87077,0.92231,0.90584,0.74581,0.81781,0.87373,0.83022,0.57231,0.66334,1.73873,0.69647,0.94155,1.00912e-05,1.00912e-05,1.00912e-05
404,1466.64,0.50674,0.81598,0.4423,0.93148,0.8697,0.91954,0.90553,0.74356,0.81645,0.87141,0.83023,0.57327,0.66257,1.74174,0.69728,0.94226,9.91237e-06,9.91237e-06,9.91237e-06
405,1470.12,0.54152,0.8615,0.46418,0.93413,0.86727,0.91906,0.90273,0.74136,0.81354,0.87277,0.83338,0.57276,0.66123,1.7494,0.69967,0.94306,9.73514e-06,9.73514e-06,9.73514e-06
406,1473.74,0.50776,0.76583,0.45596,0.93772,0.85761,0.92878,0.89929,0.73786,0.81137,0.88303,0.83203,0.57238,0.6613,1.75343,0.70005,0.94386,9.55951e-06,9.55951e-06,9.55951e-06
407,1477.41,0.50275,0.7956,0.44752,0.92157,0.85427,0.93295,0.89657,0.73687,0.80725,0.88665,0.82876,0.57362,0.66132,1.75218,0.7034,0.94466,9.3855e-06,9.3855e-06,9.3855e-06
408,1480.92,0.51074,0.77974,0.4443,0.9287,0.85318,0.93295,0.89994,0.73825,0.80611,0.88665,0.82869,0.57372,0.66169,1.75267,0.70594,0.94549,9.21312e-06,9.21312e-06,9.21312e-06
409,1484.54,0.53573,0.78744,0.45468,0.92793,0.85386,0.92714,0.90103,0.74255,0.80848,0.88488,0.82431,0.57295,0.66079,1.74978,0.70694,0.94482,9.04236e-06,9.04236e-06,9.04236e-06
410,1488.57,0.50698,0.71802,0.45036,0.92149,0.85726,0.92376,0.90321,0.74624,0.81079,0.87981,0.82884,0.57426,0.66062,1.74263,0.70714,0.94512,8.87324e-06,8.87324e-06,8.87324e-06
411,1492.1,0.53635,0.77218,0.44294,0.93657,0.86163,0.92832,0.90381,0.74532,0.81281,0.88202,0.82929,0.57694,0.6622,1.73428,0.7091,0.9457,8.70577e-06,8.70577e-06,8.70577e-06
412,1495.88,0.50076,0.69492,0.42957,0.92118,0.86683,0.93268,0.90497,0.74448,0.81894,0.88665,0.83246,0.5792,0.66567,1.72469,0.71009,0.94679,8.53994e-06,8.53994e-06,8.53994e-06
413,1499.44,0.52248,0.81965,0.44715,0.9334,0.86511,0.93295,0.90583,0.74276,0.81301,0.88202,0.82845,0.57606,0.66478,1.71873,0.70957,0.94649,8.37577e-06,8.37577e-06,8.37577e-06
414,1502.86,0.52285,0.83811,0.45529,0.9292,0.86198,0.93295,0.9063,0.74413,0.81542,0.88665,0.8338,0.57858,0.66619,1.71119,0.70669,0.9473,8.21327e-06,8.21327e-06,8.21327e-06
415,1506.48,0.51049,0.73565,0.43455,0.91685,0.85714,0.93295,0.90555,0.74384,0.81057,0.88665,0.83321,0.57841,0.66823,1.7091,0.70285,0.94757,8.05243e-06,8.05243e-06,8.05243e-06
416,1510.14,0.48385,0.73134,0.44011,0.9264,0.85941,0.92314,0.90565,0.74186,0.80828,0.87695,0.82698,0.57718,0.67171,1.7077,0.70176,0.94873,7.89327e-06,7.89327e-06,7.89327e-06
417,1513.59,0.52887,0.81436,0.44557,0.93547,0.85894,0.92546,0.90589,0.74215,0.80743,0.87631,0.82607,0.57741,0.67231,1.71381,0.69993,0.94783,7.73579e-06,7.73579e-06,7.73579e-06
418,1517.33,0.52144,0.80628,0.45009,0.92916,0.85894,0.93295,0.90702,0.74322,0.80802,0.88202,0.82922,0.58044,0.6708,1.71814,0.70002,0.94691,7.58e-06,7.58e-06,7.58e-06
419,1520.87,0.5246,0.82089,0.43683,0.93086,0.85393,0.93028,0.90646,0.74402,0.80289,0.88069,0.83088,0.58055,0.66751,1.72567,0.70056,0.94574,7.4259e-06,7.4259e-06,7.4259e-06
420,1524.49,0.51139,0.83579,0.44029,0.92207,0.8535,0.92744,0.90365,0.74053,0.80661,0.88162,0.83242,0.5793,0.66579,1.72914,0.69908,0.94457,7.27351e-06,7.27351e-06,7.27351e-06
421,1528.05,0.56989,0.87891,0.47355,0.93637,0.85406,0.92782,0.90261,0.74126,0.80718,0.882,0.83134,0.57679,0.66416,1.72882,0.6989,0.94349,7.12282e-06,7.12282e-06,7.12282e-06
422,1531.73,0.54317,0.83319,0.43748,0.93722,0.85476,0.92832,0.902,0.74076,0.80695,0.88202,0.83037,0.57709,0.6626,1.72973,0.69734,0.94312,6.97384e-06,6.97384e-06,6.97384e-06
423,1535.26,0.5244,0.82515,0.44257,0.92835,0.84788,0.92866,0.90159,0.74157,0.80205,0.88306,0.83025,0.57507,0.66256,1.73193,0.69634,0.94287,6.82658e-06,6.82658e-06,6.82658e-06
424,1538.91,0.52407,0.74078,0.43989,0.9298,0.84857,0.92979,0.90128,0.73903,0.79853,0.87981,0.82232,0.57555,0.66302,1.72944,0.69655,0.94345,6.68105e-06,6.68105e-06,6.68105e-06
425,1542.4,0.50079,0.81976,0.44062,0.92557,0.84816,0.92563,0.90355,0.74188,0.79491,0.87866,0.82532,0.57347,0.66534,1.73259,0.69514,0.94443,6.53725e-06,6.53725e-06,6.53725e-06
426,1546.03,0.51726,0.82734,0.42673,0.92922,0.8485,0.93088,0.90012,0.73881,0.79807,0.88048,0.824,0.5737,0.66666,1.73554,0.69719,0.94404,6.39518e-06,6.39518e-06,6.39518e-06
427,1549.55,0.53658,0.82745,0.45333,0.9281,0.84686,0.93018,0.90251,0.74096,0.79184,0.87581,0.81896,0.57356,0.6706,1.7359,0.69609,0.94597,6.25485e-06,6.25485e-06,6.25485e-06
428,1553.17,0.50305,0.77497,0.44133,0.93955,0.84523,0.92443,0.90286,0.73953,0.7862,0.86552,0.81171,0.56943,0.67346,1.73846,0.69569,0.94582,6.11627e-06,6.11627e-06,6.11627e-06
429,1556.83,0.52743,0.73938,0.45259,0.93016,0.84496,0.9272,0.90269,0.73877,0.78562,0.86781,0.80947,0.56856,0.67588,1.73268,0.69817,0.94636,5.97944e-06,5.97944e-06,5.97944e-06
430,1560.43,0.52462,0.79189,0.45,0.93358,0.84616,0.9272,0.90272,0.73993,0.78217,0.86239,0.80505,0.56848,0.6769,1.7325,0.69714,0.94648,5.84437e-06,5.84437e-06,5.84437e-06
431,1563.99,0.52768,0.89329,0.45726,0.93303,0.84925,0.9272,0.90202,0.74063,0.78911,0.86702,0.81809,0.5713,0.6772,1.73053,0.69626,0.94646,5.71106e-06,5.71106e-06,5.71106e-06
432,1567.46,0.5287,0.78809,0.44618,0.9398,0.8587,0.93295,0.90424,0.74004,0.79404,0.87277,0.81989,0.57031,0.67737,1.72844,0.69594,0.94667,5.57952e-06,5.57952e-06,5.57952e-06
433,1571.01,0.51891,0.77262,0.43166,0.93249,0.85656,0.9272,0.90859,0.74298,0.7966,0.86702,0.82069,0.57337,0.67669,1.72659,0.69615,0.9465,5.44975e-06,5.44975e-06,5.44975e-06
434,1574.6,0.56418,0.82212,0.45583,0.93598,0.85647,0.9272,0.90386,0.74174,0.7957,0.86702,0.82012,0.57297,0.67639,1.72893,0.69587,0.94639,5.32177e-06,5.32177e-06,5.32177e-06
435,1578.19,0.53342,0.81198,0.44553,0.93144,0.8585,0.9272,0.90403,0.7401,0.79905,0.87277,0.82133,0.57351,0.67455,1.73231,0.69934,0.9459,5.19556e-06,5.19556e-06,5.19556e-06
436,1581.84,0.51225,0.81793,0.44394,0.9259,0.86079,0.9272,0.90323,0.74121,0.79858,0.86702,0.81786,0.57432,0.67272,1.72826,0.70019,0.94591,5.07115e-06,5.07115e-06,5.07115e-06
437,1585.53,0.53433,0.84382,0.45424,0.92739,0.86264,0.9215,0.90272,0.74128,0.80158,0.86223,0.82118,0.57543,0.67134,1.72758,0.70002,0.94543,4.94852e-06,4.94852e-06,4.94852e-06
438,1589.2,0.51431,0.77074,0.43142,0.91999,0.86474,0.9212,0.90292,0.74239,0.80057,0.86702,0.8196,0.57535,0.67139,1.72911,0.70228,0.94631,4.8277e-06,4.8277e-06,4.8277e-06
439,1592.83,0.48939,0.78344,0.42872,0.92294,0.85613,0.9272,0.90481,0.74545,0.80057,0.87165,0.82886,0.57759,0.67101,1.72828,0.70171,0.94621,4.70868e-06,4.70868e-06,4.70868e-06
440,1596.5,0.50877,0.79167,0.44116,0.93218,0.86393,0.93236,0.90427,0.74306,0.80689,0.87739,0.82643,0.57803,0.67084,1.72527,0.70168,0.94591,4.59146e-06,4.59146e-06,4.59146e-06
441,1600.02,0.53702,0.87125,0.44935,0.93513,0.87086,0.9272,0.90647,0.7448,0.81438,0.87165,0.82969,0.57746,0.67086,1.72251,0.70335,0.94599,4.47606e-06,4.47606e-06,4.47606e-06
442,1603.6,0.51127,0.77963,0.42931,0.92191,0.86713,0.92982,0.90742,0.74239,0.8108,0.87594,0.82484,0.57616,0.67057,1.72137,0.70295,0.94578,4.36248e-06,4.36248e-06,4.36248e-06
443,1607.2,0.50714,0.75762,0.44294,0.93143,0.86372,0.93295,0.90274,0.74011,0.80751,0.87739,0.82694,0.57524,0.67006,1.71655,0.70259,0.94592,4.25072e-06,4.25072e-06,4.25072e-06
444,1610.74,0.53513,0.77154,0.44332,0.93988,0.86412,0.93104,0.90081,0.73935,0.80864,0.87632,0.8254,0.57559,0.67025,1.7117,0.70288,0.9463,4.14078e-06,4.14078e-06,4.14078e-06
445,1614.36,0.51669,0.79114,0.44142,0.91956,0.8635,0.9271,0.9,0.73912,0.80537,0.87165,0.82414,0.57465,0.6692,1.70784,0.70394,0.9463,4.03267e-06,4.03267e-06,4.03267e-06
446,1618.03,0.52861,0.82689,0.44253,0.93582,0.8637,0.93196,0.89718,0.738,0.80775,0.87739,0.82566,0.57487,0.66782,1.70488,0.70314,0.94591,3.9264e-06,3.9264e-06,3.9264e-06
447,1621.47,0.5027,0.75987,0.42874,0.92976,0.86352,0.92962,0.89954,0.73862,0.81272,0.87939,0.82567,0.57457,0.66623,1.70138,0.7038,0.94575,3.82197e-06,3.82197e-06,3.82197e-06
448,1625.12,0.55064,0.79721,0.44594,0.93723,0.8642,0.93262,0.89917,0.74038,0.81331,0.88195,0.82241,0.57428,0.66482,1.70267,0.70523,0.94568,3.71938e-06,3.71938e-06,3.71938e-06
449,1628.65,0.48656,0.7757,0.42791,0.91527,0.86002,0.93276,0.89922,0.73864,0.80965,0.88195,0.82863,0.57342,0.66369,1.70036,0.70599,0.94569,3.61863e-06,3.61863e-06,3.61863e-06
450,1632.23,0.55172,0.81967,0.47607,0.94115,0.85692,0.92832,0.89768,0.73794,0.80591,0.87739,0.82511,0.57429,0.66323,1.69979,0.70529,0.94546,3.51974e-06,3.51974e-06,3.51974e-06
451,1635.93,0.51886,0.74673,0.44683,0.91799,0.85742,0.93295,0.89748,0.74086,0.80662,0.88202,0.82849,0.57503,0.66363,1.70315,0.70384,0.94506,3.4227e-06,3.4227e-06,3.4227e-06
452,1639.41,0.50932,0.81414,0.43845,0.93642,0.85755,0.92832,0.89444,0.73703,0.8109,0.88202,0.82889,0.5724,0.66453,1.7045,0.70281,0.94501,3.32752e-06,3.32752e-06,3.32752e-06
453,1643,0.50167,0.80236,0.43522,0.93114,0.85696,0.92832,0.89424,0.73434,0.80905,0.88202,0.82895,0.5727,0.66617,1.70373,0.70362,0.94533,3.23421e-06,3.23421e-06,3.23421e-06
454,1646.62,0.5144,0.69036,0.44814,0.92157,0.85703,0.92832,0.89339,0.73586,0.80419,0.87739,0.81944,0.5724,0.66778,1.70404,0.70369,0.94614,3.14275e-06,3.14275e-06,3.14275e-06
455,1650.12,0.48434,0.75903,0.43361,0.92618,0.85993,0.93295,0.89436,0.73702,0.80893,0.88202,0.82404,0.57365,0.66946,1.70281,0.70423,0.94664,3.05317e-06,3.05317e-06,3.05317e-06
456,1653.82,0.52471,0.8054,0.4558,0.93524,0.85708,0.92832,0.89345,0.73754,0.80435,0.87739,0.82219,0.57347,0.66888,1.7032,0.70247,0.94658,2.96546e-06,2.96546e-06,2.96546e-06
457,1657.78,0.5135,0.78256,0.4337,0.92005,0.85715,0.92832,0.89296,0.73698,0.80446,0.87739,0.822,0.57462,0.66916,1.70116,0.7047,0.94709,2.87963e-06,2.87963e-06,2.87963e-06
458,1661.42,0.49006,0.76768,0.4305,0.9201,0.8574,0.92832,0.8915,0.73738,0.80425,0.87739,0.82052,0.57545,0.66763,1.7028,0.70457,0.94659,2.79568e-06,2.79568e-06,2.79568e-06
459,1664.97,0.55975,0.91958,0.47216,0.94765,0.85577,0.92832,0.89204,0.73641,0.80481,0.87739,0.82132,0.57538,0.66664,1.7061,0.70708,0.9466,2.71361e-06,2.71361e-06,2.71361e-06
460,1668.65,0.55254,0.88227,0.45559,0.92532,0.85522,0.92369,0.89433,0.73861,0.8085,0.87739,0.82221,0.57481,0.66754,1.70649,0.70785,0.94675,2.63343e-06,2.63343e-06,2.63343e-06
461,1672.13,0.52972,0.78011,0.45058,0.93108,0.85528,0.92832,0.89522,0.7381,0.80422,0.87739,0.82156,0.57464,0.66623,1.70908,0.70929,0.94631,2.55513e-06,2.55513e-06,2.55513e-06
462,1675.65,0.50581,0.75904,0.42904,0.91641,0.85531,0.92832,0.89554,0.73814,0.80421,0.87739,0.8191,0.57502,0.6665,1.71054,0.70853,0.94646,2.47873e-06,2.47873e-06,2.47873e-06
463,1679.31,0.52397,0.82137,0.43921,0.9386,0.85585,0.92832,0.89568,0.73796,0.80511,0.87739,0.82385,0.57665,0.66722,1.71047,0.70735,0.947,2.40423e-06,2.40423e-06,2.40423e-06
464,1682.98,0.50981,0.81782,0.43468,0.93243,0.86008,0.92832,0.89573,0.73735,0.80866,0.87739,0.82395,0.57304,0.66723,1.71151,0.70769,0.94694,2.33162e-06,2.33162e-06,2.33162e-06
465,1686.5,0.53446,0.78569,0.44613,0.92833,0.858,0.92832,0.89931,0.73784,0.80323,0.87277,0.81623,0.57356,0.66727,1.71415,0.70761,0.94676,2.26092e-06,2.26092e-06,2.26092e-06
466,1690.04,0.5329,0.85067,0.45468,0.94274,0.8604,0.92832,0.89865,0.73826,0.80846,0.87739,0.82555,0.57544,0.66698,1.71502,0.70818,0.94684,2.19212e-06,2.19212e-06,2.19212e-06
467,1693.56,0.4666,0.74317,0.42239,0.9115,0.85005,0.92832,0.89414,0.73651,0.80515,0.87739,0.8242,0.57367,0.66841,1.71209,0.70822,0.94704,2.12523e-06,2.12523e-06,2.12523e-06
468,1697.08,0.52846,0.81353,0.44194,0.94766,0.85702,0.92832,0.89803,0.73847,0.80042,0.87277,0.81282,0.57405,0.66783,1.71222,0.70854,0.94685,2.06025e-06,2.06025e-06,2.06025e-06
469,1700.68,0.51513,0.78821,0.43298,0.91229,0.85744,0.92832,0.8951,0.73698,0.80601,0.87739,0.81554,0.57364,0.66827,1.70941,0.7079,0.94639,1.99717e-06,1.99717e-06,1.99717e-06
470,1704.35,0.50924,0.728,0.42848,0.93926,0.85691,0.9271,0.89491,0.73872,0.80121,0.87154,0.81362,0.57336,0.66795,1.71091,0.70823,0.94616,1.93602e-06,1.93602e-06,1.93602e-06
471,1707.81,0.53568,0.83283,0.44677,0.92702,0.85522,0.92832,0.8978,0.74012,0.79963,0.87277,0.81316,0.57215,0.66633,1.71237,0.70784,0.94548,1.87678e-06,1.87678e-06,1.87678e-06
472,1711.54,0.49901,0.75486,0.43224,0.93142,0.8541,0.92832,0.89788,0.74004,0.79813,0.87277,0.81534,0.57503,0.6659,1.71565,0.70869,0.94527,1.81946e-06,1.81946e-06,1.81946e-06
473,1715.21,0.51414,0.79256,0.44125,0.92254,0.85328,0.92832,0.89763,0.73943,0.79748,0.87277,0.81314,0.57556,0.66583,1.71384,0.7088,0.94533,1.76407e-06,1.76407e-06,1.76407e-06
474,1718.91,0.51988,0.8235,0.44387,0.93149,0.85766,0.92832,0.89972,0.74109,0.80627,0.87739,0.81648,0.57581,0.66575,1.71341,0.70873,0.94521,1.71059e-06,1.71059e-06,1.71059e-06
475,1722.4,0.51199,0.77218,0.43526,0.92426,0.85797,0.92832,0.90062,0.74269,0.80645,0.87739,0.81836,0.57474,0.6652,1.71511,0.70757,0.94473,1.65905e-06,1.65905e-06,1.65905e-06
476,1725.98,0.53039,0.83191,0.42648,0.92624,0.85707,0.92832,0.89867,0.73972,0.80577,0.87739,0.81958,0.57349,0.66508,1.71676,0.70692,0.94428,1.60943e-06,1.60943e-06,1.60943e-06
477,1729.57,0.51666,0.74277,0.43725,0.93196,0.85777,0.92832,0.89837,0.74059,0.80627,0.87739,0.81665,0.57336,0.66537,1.71573,0.70807,0.94441,1.56174e-06,1.56174e-06,1.56174e-06
478,1733.08,0.49092,0.77614,0.42559,0.92986,0.85501,0.92832,0.89802,0.74012,0.80396,0.87739,0.81701,0.5747,0.66658,1.71634,0.70691,0.94471,1.51598e-06,1.51598e-06,1.51598e-06
479,1736.77,0.51177,0.75202,0.43541,0.93036,0.85493,0.92832,0.89765,0.73956,0.80369,0.87739,0.81628,0.57367,0.66512,1.71605,0.70713,0.94422,1.47216e-06,1.47216e-06,1.47216e-06
480,1740.26,0.52862,0.81802,0.45462,0.92411,0.85521,0.92832,0.89754,0.73764,0.80413,0.87739,0.81579,0.57541,0.66567,1.71913,0.7077,0.94413,1.43027e-06,1.43027e-06,1.43027e-06
481,1743.77,0.50201,0.75855,0.42398,0.92972,0.85451,0.92832,0.89713,0.73954,0.80371,0.87739,0.81526,0.57478,0.66525,1.72159,0.70582,0.94409,1.39032e-06,1.39032e-06,1.39032e-06
482,1747.41,0.49877,0.71252,0.42448,0.93162,0.85824,0.92832,0.89839,0.7382,0.80669,0.87739,0.81549,0.57307,0.6662,1.72303,0.70698,0.94459,1.35231e-06,1.35231e-06,1.35231e-06
483,1751.02,0.53017,0.78809,0.44773,0.93464,0.85884,0.92832,0.89791,0.73886,0.80743,0.87739,0.81523,0.57366,0.66568,1.72069,0.70725,0.94439,1.31624e-06,1.31624e-06,1.31624e-06
484,1754.58,0.51101,0.71567,0.43325,0.93334,0.85459,0.92832,0.89673,0.73868,0.80375,0.87739,0.81582,0.57343,0.66541,1.72359,0.70824,0.94433,1.28211e-06,1.28211e-06,1.28211e-06
485,1758.15,0.52898,0.87792,0.44958,0.93577,0.85845,0.92832,0.89828,0.74025,0.80699,0.87739,0.81678,0.57306,0.66518,1.7178,0.70849,0.94459,1.24992e-06,1.24992e-06,1.24992e-06
486,1761.59,0.53065,0.83109,0.43965,0.93317,0.85879,0.92832,0.89864,0.73921,0.81676,0.88665,0.83025,0.57745,0.66496,1.71668,0.70962,0.94451,1.21968e-06,1.21968e-06,1.21968e-06
487,1765.21,0.48136,0.74159,0.42547,0.91986,0.85839,0.92832,0.89794,0.73918,0.81627,0.88665,0.8294,0.57628,0.66557,1.72328,0.70838,0.94479,1.19139e-06,1.19139e-06,1.19139e-06
488,1768.91,0.47969,0.71976,0.42038,0.91317,0.86258,0.93295,0.90034,0.74064,0.8205,0.89128,0.83464,0.5758,0.66689,1.7229,0.70877,0.94532,1.16504e-06,1.16504e-06,1.16504e-06
